Time,CpuUsedRatio
2026-01-07 19:05:00,1649
2026-01-07 19:10:00,1661
2026-01-07 19:15:00,1702
2026-01-07 19:20:00,1643
2026-01-07 19:25:00,1706
2026-01-07 19:30:00,1707
2026-01-07 19:35:00,1649
2026-01-07 19:40:00,1621
2026-01-07 19:45:00,1592
2026-01-07 19:50:00,1707
2026-01-07 19:55:00,2024
2026-01-07 20:00:00,1903
2026-01-07 20:05:00,1902
2026-01-07 20:10:00,1922
2026-01-07 20:15:00,1834
2026-01-07 20:20:00,1914
2026-01-07 20:25:00,1863
2026-01-07 20:30:00,1826
2026-01-07 20:35:00,1858
2026-01-07 20:40:00,1808
2026-01-07 20:45:00,1812
2026-01-07 20:50:00,1823
2026-01-07 20:55:00,1764
2026-01-07 21:00:00,1864
2026-01-07 21:05:00,1878
2026-01-07 21:10:00,1812
2026-01-07 21:15:00,1763
2026-01-07 21:20:00,1799
2026-01-07 21:25:00,1795
2026-01-07 21:30:00,1802
2026-01-07 21:35:00,1789
2026-01-07 21:40:00,1803
2026-01-07 21:45:00,1841
2026-01-07 21:50:00,1743
2026-01-07 21:55:00,1751
2026-01-07 22:00:00,5982
2026-01-07 22:05:00,1899
2026-01-07 22:10:00,1874
2026-01-07 22:15:00,1808
2026-01-07 22:20:00,1778
2026-01-07 22:25:00,1776
2026-01-07 22:30:00,1821
2026-01-07 22:35:00,1865
2026-01-07 22:40:00,1790
2026-01-07 22:45:00,1700
2026-01-07 22:50:00,1733
2026-01-07 22:55:00,1736
2026-01-07 23:00:00,1659
2026-01-07 23:05:00,1590
2026-01-07 23:10:00,1524
2026-01-07 23:15:00,1617
2026-01-07 23:20:00,1577
2026-01-07 23:25:00,1585
2026-01-07 23:30:00,1564
2026-01-07 23:35:00,1514
2026-01-07 23:40:00,1635
2026-01-07 23:45:00,1640
2026-01-07 23:50:00,1595
2026-01-07 23:55:00,1589
2026-01-08 00:00:00,1677
2026-01-08 00:05:00,1680
2026-01-08 00:10:00,2073
2026-01-08 00:15:00,3534
2026-01-08 00:20:00,13174
2026-01-08 00:25:00,13563
2026-01-08 00:30:00,15938
2026-01-08 00:35:00,5893
2026-01-08 00:40:00,13065
2026-01-08 00:45:00,12125
2026-01-08 00:50:00,18648
2026-01-08 00:55:00,24198
2026-01-08 01:00:00,14214
2026-01-08 01:05:00,16341
2026-01-08 01:10:00,14672
2026-01-08 01:15:00,12712
2026-01-08 01:20:00,12879
2026-01-08 01:25:00,7623
2026-01-08 01:30:00,26006
2026-01-08 01:35:00,15492
2026-01-08 01:40:00,19225
2026-01-08 01:45:00,47535
2026-01-08 01:50:00,1544
2026-01-08 01:55:00,27407
2026-01-08 02:00:00,1924
2026-01-08 02:05:00,2870
2026-01-08 02:10:00,23007
2026-01-08 02:15:00,28073
2026-01-08 02:20:00,38638
2026-01-08 02:25:00,1570
2026-01-08 02:30:00,26860
2026-01-08 02:35:00,41372
2026-01-08 02:40:00,2933
2026-01-08 02:45:00,15908
2026-01-08 02:50:00,29850
2026-01-08 02:55:00,26388
2026-01-08 03:00:00,7049
2026-01-08 03:05:00,5802
2026-01-08 03:10:00,6085
2026-01-08 03:15:00,6741
2026-01-08 03:20:00,6204
2026-01-08 03:25:00,6406
2026-01-08 03:30:00,6330
2026-01-08 03:35:00,5803
2026-01-08 03:40:00,6689
2026-01-08 03:45:00,5619
2026-01-08 03:50:00,5299
2026-01-08 03:55:00,5703
2026-01-08 04:00:00,5864
2026-01-08 04:05:00,5864
2026-01-08 04:10:00,5985
2026-01-08 04:15:00,5434
2026-01-08 04:20:00,6503
2026-01-08 04:25:00,5635
2026-01-08 04:30:00,4874
2026-01-08 04:35:00,6604
2026-01-08 04:40:00,5866
2026-01-08 04:45:00,5620
2026-01-08 04:50:00,6318
2026-01-08 04:55:00,6482
2026-01-08 05:00:00,6442
2026-01-08 05:05:00,6295
2026-01-08 05:10:00,7183
2026-01-08 05:15:00,7727
2026-01-08 05:20:00,6260
2026-01-08 05:25:00,7472
2026-01-08 05:30:00,7208
2026-01-08 05:35:00,8375
2026-01-08 05:40:00,9150
2026-01-08 05:45:00,7526
2026-01-08 05:50:00,9395
2026-01-08 05:55:00,11162
2026-01-08 06:00:00,10248
2026-01-08 06:05:00,12050
2026-01-08 06:10:00,11962
2026-01-08 06:15:00,11677
2026-01-08 06:20:00,15292
2026-01-08 06:25:00,15238
2026-01-08 06:30:00,17659
2026-01-08 06:35:00,19062
2026-01-08 06:40:00,10076
2026-01-08 06:45:00,2997
2026-01-08 06:50:00,2467
2026-01-08 06:55:00,1752
2026-01-08 07:00:00,1795
2026-01-08 07:05:00,1824
2026-01-08 07:10:00,1838
2026-01-08 07:15:00,1833
2026-01-08 07:20:00,1836
2026-01-08 07:25:00,1854
2026-01-08 07:30:00,1819
2026-01-08 07:35:00,1842
2026-01-08 07:40:00,1799
2026-01-08 07:45:00,2294
2026-01-08 07:50:00,1810
2026-01-08 07:55:00,1833
2026-01-08 08:00:00,1804
2026-01-08 08:05:00,1786
2026-01-08 08:10:00,1843
2026-01-08 08:15:00,1830
2026-01-08 08:20:00,1881
2026-01-08 08:25:00,1814
2026-01-08 08:30:00,1796
2026-01-08 08:35:00,1842
2026-01-08 08:40:00,1815
2026-01-08 08:45:00,1811
2026-01-08 08:50:00,1799
2026-01-08 08:55:00,1826
2026-01-08 09:00:00,1913
2026-01-08 09:05:00,1902
2026-01-08 09:10:00,1888
2026-01-08 09:15:00,1880
2026-01-08 09:20:00,1914
2026-01-08 09:25:00,1909
2026-01-08 09:30:00,1857
2026-01-08 09:35:00,1912
2026-01-08 09:40:00,1876
2026-01-08 09:45:00,1818
2026-01-08 09:50:00,1818
2026-01-08 09:55:00,1869
2026-01-08 10:00:00,1880
2026-01-08 10:05:00,1851
2026-01-08 10:10:00,1921
2026-01-08 10:15:00,1867
2026-01-08 10:20:00,1865
2026-01-08 10:25:00,1832
2026-01-08 10:30:00,1871
2026-01-08 10:35:00,1840
2026-01-08 10:40:00,1966
2026-01-08 10:45:00,1860
2026-01-08 10:50:00,1806
2026-01-08 10:55:00,1813
2026-01-08 11:00:00,1853
2026-01-08 11:05:00,1895
2026-01-08 11:10:00,1889
2026-01-08 11:15:00,2290
2026-01-08 11:20:00,2436
2026-01-08 11:25:00,2421
2026-01-08 11:30:00,2410
2026-01-08 11:35:00,2337
2026-01-08 11:40:00,2324
2026-01-08 11:45:00,2317
2026-01-08 11:50:00,2382
2026-01-08 11:55:00,2480
2026-01-08 12:00:00,2402
2026-01-08 12:05:00,2398
2026-01-08 12:10:00,2303
2026-01-08 12:15:00,2379
2026-01-08 12:20:00,2337
2026-01-08 12:25:00,2346
2026-01-08 12:30:00,2371
2026-01-08 12:35:00,2283
2026-01-08 12:40:00,2276
2026-01-08 12:45:00,2287
2026-01-08 12:50:00,2374
2026-01-08 12:55:00,2335
2026-01-08 13:00:00,2347
2026-01-08 13:05:00,2392
2026-01-08 13:10:00,2396
2026-01-08 13:15:00,2288
2026-01-08 13:20:00,2334
2026-01-08 13:25:00,2463
2026-01-08 13:30:00,2392
2026-01-08 13:35:00,2373
2026-01-08 13:40:00,2355
2026-01-08 13:45:00,2392
2026-01-08 13:50:00,2406
2026-01-08 13:55:00,2314
2026-01-08 14:00:00,2403
2026-01-08 14:05:00,2371
2026-01-08 14:10:00,2308
2026-01-08 14:15:00,2361
2026-01-08 14:20:00,2426
2026-01-08 14:25:00,2434
2026-01-08 14:30:00,2250
2026-01-08 14:35:00,2312
2026-01-08 14:40:00,2308
2026-01-08 14:45:00,2366
2026-01-08 14:50:00,2342
2026-01-08 14:55:00,2373
2026-01-08 15:00:00,2459
2026-01-08 15:05:00,2359
2026-01-08 15:10:00,2338
2026-01-08 15:15:00,2250
2026-01-08 15:20:00,2221
2026-01-08 15:25:00,2291
2026-01-08 15:30:00,2295
2026-01-08 15:35:00,2295
2026-01-08 15:40:00,2413
2026-01-08 15:45:00,2393
2026-01-08 15:50:00,2450
2026-01-08 15:55:00,2591
2026-01-08 16:00:00,2379
2026-01-08 16:05:00,2539
2026-01-08 16:10:00,2489
2026-01-08 16:15:00,1903
2026-01-08 16:20:00,1897
2026-01-08 16:25:00,1966
2026-01-08 16:30:00,2530
2026-01-08 16:35:00,2047
2026-01-08 16:40:00,5537
2026-01-08 16:45:00,2636
2026-01-08 16:50:00,13189
2026-01-08 16:55:00,1966
2026-01-08 17:00:00,25368
2026-01-08 17:05:00,1915
2026-01-08 17:10:00,13459
2026-01-08 17:15:00,11146
2026-01-08 17:20:00,11008
2026-01-08 17:25:00,33576
2026-01-08 17:30:00,12229
2026-01-08 17:35:00,1900
2026-01-08 17:40:00,13343
2026-01-08 17:45:00,18853
2026-01-08 17:50:00,2013
2026-01-08 17:55:00,12021
2026-01-08 18:00:00,11344
2026-01-08 18:05:00,1898
2026-01-08 18:10:00,23556
2026-01-08 18:15:00,30114
2026-01-08 18:20:00,52443
2026-01-08 18:25:00,44913
2026-01-08 18:30:00,43504
2026-01-08 18:35:00,20397
2026-01-08 18:40:00,9168
2026-01-08 18:45:00,4918
2026-01-08 18:50:00,2836
2026-01-08 18:55:00,2287
2026-01-08 19:00:00,2036
2026-01-08 19:05:00,1779
2026-01-08 19:10:00,1833
2026-01-08 19:15:00,1812
2026-01-08 19:20:00,1803
2026-01-08 19:25:00,1829
2026-01-08 19:30:00,1779
2026-01-08 19:35:00,1811
2026-01-08 19:40:00,1773
2026-01-08 19:45:00,1810
2026-01-08 19:50:00,1715
2026-01-08 19:55:00,1716
2026-01-08 20:00:00,1778
2026-01-08 20:05:00,1838
2026-01-08 20:10:00,5722
2026-01-08 20:15:00,1882
2026-01-08 20:20:00,1899
2026-01-08 20:25:00,1842
2026-01-08 20:30:00,1829
2026-01-08 20:35:00,1833
2026-01-08 20:40:00,1866
2026-01-08 20:45:00,1776
2026-01-08 20:50:00,1788
2026-01-08 20:55:00,1852
2026-01-08 21:00:00,1786
2026-01-08 21:05:00,1833
2026-01-08 21:10:00,1767
2026-01-08 21:15:00,1776
2026-01-08 21:20:00,1873
2026-01-08 21:25:00,26620
2026-01-08 21:30:00,2218
2026-01-08 21:35:00,1871
2026-01-08 21:40:00,1828
2026-01-08 21:45:00,1724
2026-01-08 21:50:00,1768
2026-01-08 21:55:00,1769
2026-01-08 22:00:00,1829
2026-01-08 22:05:00,1768
2026-01-08 22:10:00,1742
2026-01-08 22:15:00,1790
2026-01-08 22:20:00,1716
2026-01-08 22:25:00,1730
2026-01-08 22:30:00,1681
2026-01-08 22:35:00,1724
2026-01-08 22:40:00,1661
2026-01-08 22:45:00,1708
2026-01-08 22:50:00,1684
2026-01-08 22:55:00,1741
2026-01-08 23:00:00,1662
2026-01-08 23:05:00,1536
2026-01-08 23:10:00,1481
2026-01-08 23:15:00,1432
2026-01-08 23:20:00,1526
2026-01-08 23:25:00,1587
2026-01-08 23:30:00,1575
2026-01-08 23:35:00,1997
2026-01-08 23:40:00,1519
2026-01-08 23:45:00,1783
2026-01-08 23:50:00,2341
2026-01-08 23:55:00,2725
2026-01-09 00:00:00,1653
2026-01-09 00:05:00,1644
2026-01-09 00:10:00,1821
2026-01-09 00:15:00,1837
2026-01-09 00:20:00,5474
2026-01-09 00:25:00,10908
2026-01-09 00:30:00,20532
2026-01-09 00:35:00,13491
2026-01-09 00:40:00,23060
2026-01-09 00:45:00,2295
2026-01-09 00:50:00,1521
2026-01-09 00:55:00,19257
2026-01-09 01:00:00,13090
2026-01-09 01:05:00,31636
2026-01-09 01:10:00,19294
2026-01-09 01:15:00,20467
2026-01-09 01:20:00,25668
2026-01-09 01:25:00,27497
2026-01-09 01:30:00,32701
2026-01-09 01:35:00,39061
2026-01-09 01:40:00,3861
2026-01-09 01:45:00,20069
2026-01-09 01:50:00,6015
2026-01-09 01:55:00,6629
2026-01-09 02:00:00,2136
2026-01-09 02:05:00,16583
2026-01-09 02:10:00,14267
2026-01-09 02:15:00,1558
2026-01-09 02:20:00,35452
2026-01-09 02:25:00,27715
2026-01-09 02:30:00,37925
2026-01-09 02:35:00,2047
2026-01-09 02:40:00,13572
2026-01-09 02:45:00,18320
2026-01-09 02:50:00,43438
2026-01-09 02:55:00,59482
2026-01-09 03:00:00,71407
2026-01-09 03:05:00,42027
2026-01-09 03:10:00,12594
2026-01-09 03:15:00,24800
2026-01-09 03:20:00,9683
2026-01-09 03:25:00,10664
2026-01-09 03:30:00,6378
2026-01-09 03:35:00,5838
2026-01-09 03:40:00,5650
2026-01-09 03:45:00,4214
2026-01-09 03:50:00,4905
2026-01-09 03:55:00,4418
2026-01-09 04:00:00,7183
2026-01-09 04:05:00,5773
2026-01-09 04:10:00,5619
2026-01-09 04:15:00,4713
2026-01-09 04:20:00,4101
2026-01-09 04:25:00,5143
2026-01-09 04:30:00,4803
2026-01-09 04:35:00,4816
2026-01-09 04:40:00,4665
2026-01-09 04:45:00,4971
2026-01-09 04:50:00,7201
2026-01-09 04:55:00,8278
2026-01-09 05:00:00,7671
2026-01-09 05:05:00,6713
2026-01-09 05:10:00,6268
2026-01-09 05:15:00,6058
2026-01-09 05:20:00,6262
2026-01-09 05:25:00,5036
2026-01-09 05:30:00,9357
2026-01-09 05:35:00,7457
2026-01-09 05:40:00,10493
2026-01-09 05:45:00,7587
2026-01-09 05:50:00,8354
2026-01-09 05:55:00,8205
2026-01-09 06:00:00,9076
2026-01-09 06:05:00,10208
2026-01-09 06:10:00,20189
2026-01-09 06:15:00,17179
2026-01-09 06:20:00,16480
2026-01-09 06:25:00,20272
2026-01-09 06:30:00,17791
2026-01-09 06:35:00,20022
2026-01-09 06:40:00,6852
2026-01-09 06:45:00,2762
2026-01-09 06:50:00,1964
2026-01-09 06:55:00,11615
2026-01-09 07:00:00,2060
2026-01-09 07:05:00,15842
2026-01-09 07:10:00,1731
2026-01-09 07:15:00,1847
2026-01-09 07:20:00,1841
2026-01-09 07:25:00,1804
2026-01-09 07:30:00,1796
2026-01-09 07:35:00,1858
2026-01-09 07:40:00,1767
2026-01-09 07:45:00,1738
2026-01-09 07:50:00,2135
2026-01-09 07:55:00,7815
2026-01-09 08:00:00,2172
2026-01-09 08:05:00,10893
2026-01-09 08:10:00,2530
2026-01-09 08:15:00,2649
2026-01-09 08:20:00,2588
2026-01-09 08:25:00,2539
2026-01-09 08:30:00,2565
2026-01-09 08:35:00,2592
2026-01-09 08:40:00,2546
2026-01-09 08:45:00,2138
2026-01-09 08:50:00,2120
2026-01-09 08:55:00,2060
2026-01-09 09:00:00,15161
2026-01-09 09:05:00,2580
2026-01-09 09:10:00,2623
2026-01-09 09:15:00,2608
2026-01-09 09:20:00,10507
2026-01-09 09:25:00,1816
2026-01-09 09:30:00,1819
2026-01-09 09:35:00,1833
2026-01-09 09:40:00,1885
2026-01-09 09:45:00,1855
2026-01-09 09:50:00,1804
2026-01-09 09:55:00,1776
2026-01-09 10:00:00,1840
2026-01-09 10:05:00,1859
2026-01-09 10:10:00,1826
2026-01-09 10:15:00,1802
2026-01-09 10:20:00,1824
2026-01-09 10:25:00,1787
2026-01-09 10:30:00,1749
2026-01-09 10:35:00,1788
2026-01-09 10:40:00,1807
2026-01-09 10:45:00,1901
2026-01-09 10:50:00,1888
2026-01-09 10:55:00,1789
2026-01-09 11:00:00,1830
2026-01-09 11:05:00,1847
2026-01-09 11:10:00,1854
2026-01-09 11:15:00,1815
2026-01-09 11:20:00,1832
2026-01-09 11:25:00,1839
2026-01-09 11:30:00,1863
2026-01-09 11:35:00,1821
2026-01-09 11:40:00,1874
2026-01-09 11:45:00,1778
2026-01-09 11:50:00,12190
2026-01-09 11:55:00,1855
2026-01-09 12:00:00,1972
2026-01-09 12:05:00,1839
2026-01-09 12:10:00,1877
2026-01-09 12:15:00,1890
2026-01-09 12:20:00,1908
2026-01-09 12:25:00,1839
2026-01-09 12:30:00,1825
2026-01-09 12:35:00,1796
2026-01-09 12:40:00,1854
2026-01-09 12:45:00,1862
2026-01-09 12:50:00,1819
2026-01-09 12:55:00,1789
2026-01-09 13:00:00,1846
2026-01-09 13:05:00,1902
2026-01-09 13:10:00,1931
2026-01-09 13:15:00,5199
2026-01-09 13:20:00,1867
2026-01-09 13:25:00,6447
2026-01-09 13:30:00,1879
2026-01-09 13:35:00,1803
2026-01-09 13:40:00,11492
2026-01-09 13:45:00,1773
2026-01-09 13:50:00,1798
2026-01-09 13:55:00,1857
2026-01-09 14:00:00,1952
2026-01-09 14:05:00,1875
2026-01-09 14:10:00,1832
2026-01-09 14:15:00,1816
2026-01-09 14:20:00,23643
2026-01-09 14:25:00,14000
2026-01-09 14:30:00,1909
2026-01-09 14:35:00,1872
2026-01-09 14:40:00,1876
2026-01-09 14:45:00,1863
2026-01-09 14:50:00,1838
2026-01-09 14:55:00,1888
2026-01-09 15:00:00,1809
2026-01-09 15:05:00,12397
2026-01-09 15:10:00,5119
2026-01-09 15:15:00,9904
2026-01-09 15:20:00,13349
2026-01-09 15:25:00,9388
2026-01-09 15:30:00,1903
2026-01-09 15:35:00,1920
2026-01-09 15:40:00,1783
2026-01-09 15:45:00,1875
2026-01-09 15:50:00,1871
2026-01-09 15:55:00,1863
2026-01-09 16:00:00,1901
2026-01-09 16:05:00,1828
2026-01-09 16:10:00,1943
2026-01-09 16:15:00,2679
2026-01-09 16:20:00,2637
2026-01-09 16:25:00,2611
2026-01-09 16:30:00,3414
2026-01-09 16:35:00,2310
2026-01-09 16:40:00,1909
2026-01-09 16:45:00,12492
2026-01-09 16:50:00,2150
2026-01-09 16:55:00,1830
2026-01-09 17:00:00,1838
2026-01-09 17:05:00,22875
2026-01-09 17:10:00,2110
2026-01-09 17:15:00,1819
2026-01-09 17:20:00,21152
2026-01-09 17:25:00,2064
2026-01-09 17:30:00,1810
2026-01-09 17:35:00,2063
2026-01-09 17:40:00,7160
2026-01-09 17:45:00,1975
2026-01-09 17:50:00,1857
2026-01-09 17:55:00,57148
2026-01-09 18:00:00,14475
2026-01-09 18:05:00,7139
2026-01-09 18:10:00,2254
2026-01-09 18:15:00,14815
2026-01-09 18:20:00,1879
2026-01-09 18:25:00,13923
2026-01-09 18:30:00,5642
2026-01-09 18:35:00,2217
2026-01-09 18:40:00,23673
2026-01-09 18:45:00,15273
2026-01-09 18:50:00,11884
2026-01-09 18:55:00,56705
2026-01-09 19:00:00,49296
2026-01-09 19:05:00,51590
2026-01-09 19:10:00,51791
2026-01-09 19:15:00,51007
2026-01-09 19:20:00,50269
2026-01-09 19:25:00,30330
2026-01-09 19:30:00,37386
2026-01-09 19:35:00,34303
2026-01-09 19:40:00,18234
2026-01-09 19:45:00,13694
2026-01-09 19:50:00,9609
2026-01-09 19:55:00,5666
2026-01-09 20:00:00,3098
2026-01-09 20:05:00,2701
2026-01-09 20:10:00,2276
2026-01-09 20:15:00,1767
2026-01-09 20:20:00,1788
2026-01-09 20:25:00,1782
2026-01-09 20:30:00,1727
2026-01-09 20:35:00,1739
2026-01-09 20:40:00,1720
2026-01-09 20:45:00,2107
2026-01-09 20:50:00,2186
2026-01-09 20:55:00,1995
2026-01-09 21:00:00,2028
2026-01-09 21:05:00,2601
2026-01-09 21:10:00,2072
2026-01-09 21:15:00,2050
2026-01-09 21:20:00,1996
2026-01-09 21:25:00,2051
2026-01-09 21:30:00,2015
2026-01-09 21:35:00,1998
2026-01-09 21:40:00,1993
2026-01-09 21:45:00,2029
2026-01-09 21:50:00,2005
2026-01-09 21:55:00,2004
2026-01-09 22:00:00,2082
2026-01-09 22:05:00,1975
2026-01-09 22:10:00,2003
2026-01-09 22:15:00,1955
2026-01-09 22:20:00,1958
2026-01-09 22:25:00,1912
2026-01-09 22:30:00,1996
2026-01-09 22:35:00,1929
2026-01-09 22:40:00,1922
2026-01-09 22:45:00,1899
2026-01-09 22:50:00,1959
2026-01-09 22:55:00,2325
2026-01-09 23:00:00,1853
2026-01-09 23:05:00,1739
2026-01-09 23:10:00,1713
2026-01-09 23:15:00,1688
2026-01-09 23:20:00,1779
2026-01-09 23:25:00,1776
2026-01-09 23:30:00,1729
2026-01-09 23:35:00,1785
2026-01-09 23:40:00,1784
2026-01-09 23:45:00,1709
2026-01-09 23:50:00,1677
2026-01-09 23:55:00,1938
2026-01-10 00:00:00,1731
2026-01-10 00:05:00,1892
2026-01-10 00:10:00,16779
2026-01-10 00:15:00,1659
2026-01-10 00:20:00,1955
2026-01-10 00:25:00,2848
2026-01-10 00:30:00,3334
2026-01-10 00:35:00,31953
2026-01-10 00:40:00,1563
2026-01-10 00:45:00,17340
2026-01-10 00:50:00,26429
2026-01-10 00:55:00,21637
2026-01-10 01:00:00,12795
2026-01-10 01:05:00,18592
2026-01-10 01:10:00,6898
2026-01-10 01:15:00,36142
2026-01-10 01:20:00,18476
2026-01-10 01:25:00,9569
2026-01-10 01:30:00,11721
2026-01-10 01:35:00,12194
2026-01-10 01:40:00,13788
2026-01-10 01:45:00,11389
2026-01-10 01:50:00,25481
2026-01-10 01:55:00,34123
2026-01-10 02:00:00,64160
2026-01-10 02:05:00,26065
2026-01-10 02:10:00,14466
2026-01-10 02:15:00,38359
2026-01-10 02:20:00,1629
2026-01-10 02:25:00,13927
2026-01-10 02:30:00,10348
2026-01-10 02:35:00,12359
2026-01-10 02:40:00,41450
2026-01-10 02:45:00,13723
2026-01-10 02:50:00,60551
2026-01-10 02:55:00,1578
2026-01-10 03:00:00,56231
2026-01-10 03:05:00,42864
2026-01-10 03:10:00,10951
2026-01-10 03:15:00,6209
2026-01-10 03:20:00,5946
2026-01-10 03:25:00,5461
2026-01-10 03:30:00,5421
2026-01-10 03:35:00,5136
2026-01-10 03:40:00,4972
2026-01-10 03:45:00,4784
2026-01-10 03:50:00,4925
2026-01-10 03:55:00,5252
2026-01-10 04:00:00,5017
2026-01-10 04:05:00,5020
2026-01-10 04:10:00,4602
2026-01-10 04:15:00,4801
2026-01-10 04:20:00,4956
2026-01-10 04:25:00,4376
2026-01-10 04:30:00,4185
2026-01-10 04:35:00,4624
2026-01-10 04:40:00,7684
2026-01-10 04:45:00,5595
2026-01-10 04:50:00,6370
2026-01-10 04:55:00,5626
2026-01-10 05:00:00,6185
2026-01-10 05:05:00,6591
2026-01-10 05:10:00,10998
2026-01-10 05:15:00,7809
2026-01-10 05:20:00,7464
2026-01-10 05:25:00,8142
2026-01-10 05:30:00,8162
2026-01-10 05:35:00,7718
2026-01-10 05:40:00,8480
2026-01-10 05:45:00,14883
2026-01-10 05:50:00,8621
2026-01-10 05:55:00,9019
2026-01-10 06:00:00,12137
2026-01-10 06:05:00,11214
2026-01-10 06:10:00,11468
2026-01-10 06:15:00,9639
2026-01-10 06:20:00,8378
2026-01-10 06:25:00,8503
2026-01-10 06:30:00,10945
2026-01-10 06:35:00,11275
2026-01-10 06:40:00,11107
2026-01-10 06:45:00,12169
2026-01-10 06:50:00,14081
2026-01-10 06:55:00,12745
2026-01-10 07:00:00,7812
2026-01-10 07:05:00,1798
2026-01-10 07:10:00,1733
2026-01-10 07:15:00,1746
2026-01-10 07:20:00,1805
2026-01-10 07:25:00,1731
2026-01-10 07:30:00,1825
2026-01-10 07:35:00,1791
2026-01-10 07:40:00,1820
2026-01-10 07:45:00,1959
2026-01-10 07:50:00,1792
2026-01-10 07:55:00,1753
2026-01-10 08:00:00,1946
2026-01-10 08:05:00,1857
2026-01-10 08:10:00,1852
2026-01-10 08:15:00,1857
2026-01-10 08:20:00,1730
2026-01-10 08:25:00,1820
2026-01-10 08:30:00,1819
2026-01-10 08:35:00,1794
2026-01-10 08:40:00,1994
2026-01-10 08:45:00,1770
2026-01-10 08:50:00,1766
2026-01-10 08:55:00,1761
2026-01-10 09:00:00,1822
2026-01-10 09:05:00,1756
2026-01-10 09:10:00,1761
2026-01-10 09:15:00,1843
2026-01-10 09:20:00,1816
2026-01-10 09:25:00,1761
2026-01-10 09:30:00,1777
2026-01-10 09:35:00,1833
2026-01-10 09:40:00,1783
2026-01-10 09:45:00,11889
2026-01-10 09:50:00,1846
2026-01-10 09:55:00,1838
2026-01-10 10:00:00,1871
2026-01-10 10:05:00,1832
2026-01-10 10:10:00,1906
2026-01-10 10:15:00,1850
2026-01-10 10:20:00,1810
2026-01-10 10:25:00,1767
2026-01-10 10:30:00,1868
2026-01-10 10:35:00,1782
2026-01-10 10:40:00,1797
2026-01-10 10:45:00,1847
2026-01-10 10:50:00,1840
2026-01-10 10:55:00,1801
2026-01-10 11:00:00,1858
2026-01-10 11:05:00,1841
2026-01-10 11:10:00,1762
2026-01-10 11:15:00,1879
2026-01-10 11:20:00,1806
2026-01-10 11:25:00,1926
2026-01-10 11:30:00,1847
2026-01-10 11:35:00,1831
2026-01-10 11:40:00,1883
2026-01-10 11:45:00,1811
2026-01-10 11:50:00,1821
2026-01-10 11:55:00,1836
2026-01-10 12:00:00,1873
2026-01-10 12:05:00,1881
2026-01-10 12:10:00,1912
2026-01-10 12:15:00,1843
2026-01-10 12:20:00,1934
2026-01-10 12:25:00,1876
2026-01-10 12:30:00,1813
2026-01-10 12:35:00,1820
2026-01-10 12:40:00,1898
2026-01-10 12:45:00,1841
2026-01-10 12:50:00,1818
2026-01-10 12:55:00,1838
2026-01-10 13:00:00,1907
2026-01-10 13:05:00,1863
2026-01-10 13:10:00,1846
2026-01-10 13:15:00,1882
2026-01-10 13:20:00,1810
2026-01-10 13:25:00,1788
2026-01-10 13:30:00,1822
2026-01-10 13:35:00,1736
2026-01-10 13:40:00,1815
2026-01-10 13:45:00,1796
2026-01-10 13:50:00,1768
2026-01-10 13:55:00,1786
2026-01-10 14:00:00,1808
2026-01-10 14:05:00,1847
2026-01-10 14:10:00,1812
2026-01-10 14:15:00,1784
2026-01-10 14:20:00,1792
2026-01-10 14:25:00,1751
2026-01-10 14:30:00,1811
2026-01-10 14:35:00,1808
2026-01-10 14:40:00,1808
2026-01-10 14:45:00,1769
2026-01-10 14:50:00,1789
2026-01-10 14:55:00,1807
2026-01-10 15:00:00,1796
2026-01-10 15:05:00,6848
2026-01-10 15:10:00,1898
2026-01-10 15:15:00,1795
2026-01-10 15:20:00,1861
2026-01-10 15:25:00,1761
2026-01-10 15:30:00,1811
2026-01-10 15:35:00,11876
2026-01-10 15:40:00,1782
2026-01-10 15:45:00,1818
2026-01-10 15:50:00,1792
2026-01-10 15:55:00,11265
2026-01-10 16:00:00,1858
2026-01-10 16:05:00,1788
2026-01-10 16:10:00,1782
2026-01-10 16:15:00,1908
2026-01-10 16:20:00,1865
2026-01-10 16:25:00,15217
2026-01-10 16:30:00,3170
2026-01-10 16:35:00,12626
2026-01-10 16:40:00,1794
2026-01-10 16:45:00,1879
2026-01-10 16:50:00,9106
2026-01-10 16:55:00,1753
2026-01-10 17:00:00,1749
2026-01-10 17:05:00,1746
2026-01-10 17:10:00,1796
2026-01-10 17:15:00,1751
2026-01-10 17:20:00,1709
2026-01-10 17:25:00,1879
2026-01-10 17:30:00,26538
2026-01-10 17:35:00,1826
2026-01-10 17:40:00,1734
2026-01-10 17:45:00,1805
2026-01-10 17:50:00,1792
2026-01-10 17:55:00,1771
2026-01-10 18:00:00,1847
2026-01-10 18:05:00,1679
2026-01-10 18:10:00,1727
2026-01-10 18:15:00,1681
2026-01-10 18:20:00,1698
2026-01-10 18:25:00,1738
2026-01-10 18:30:00,1747
2026-01-10 18:35:00,7289
2026-01-10 18:40:00,1584
2026-01-10 18:45:00,1696
2026-01-10 18:50:00,5729
2026-01-10 18:55:00,1674
2026-01-10 19:00:00,1643
2026-01-10 19:05:00,13965
2026-01-10 19:10:00,1747
2026-01-10 19:15:00,1735
2026-01-10 19:20:00,1578
2026-01-10 19:25:00,6055
2026-01-10 19:30:00,9405
2026-01-10 19:35:00,1599
2026-01-10 19:40:00,1603
2026-01-10 19:45:00,1630
2026-01-10 19:50:00,7857
2026-01-10 19:55:00,1785
2026-01-10 20:00:00,10166
2026-01-10 20:05:00,7606
2026-01-10 20:10:00,1780
2026-01-10 20:15:00,1631
2026-01-10 20:20:00,1625
2026-01-10 20:25:00,3135
2026-01-10 20:30:00,1663
2026-01-10 20:35:00,1614
2026-01-10 20:40:00,1638
2026-01-10 20:45:00,1607
2026-01-10 20:50:00,1572
2026-01-10 20:55:00,1574
2026-01-10 21:00:00,1662
2026-01-10 21:05:00,1654
2026-01-10 21:10:00,1666
2026-01-10 21:15:00,1655
2026-01-10 21:20:00,1619
2026-01-10 21:25:00,2443
2026-01-10 21:30:00,1703
2026-01-10 21:35:00,2019
2026-01-10 21:40:00,2122
2026-01-10 21:45:00,2046
2026-01-10 21:50:00,2100
2026-01-10 21:55:00,2026
2026-01-10 22:00:00,2046
2026-01-10 22:05:00,7668
2026-01-10 22:10:00,4304
2026-01-10 22:15:00,1641
2026-01-10 22:20:00,1547
2026-01-10 22:25:00,1557
2026-01-10 22:30:00,7453
2026-01-10 22:35:00,2048
2026-01-10 22:40:00,2086
2026-01-10 22:45:00,8780
2026-01-10 22:50:00,1666
2026-01-10 22:55:00,21108
2026-01-10 23:00:00,3612
2026-01-10 23:05:00,2062
2026-01-10 23:10:00,1879
2026-01-10 23:15:00,10877
2026-01-10 23:20:00,1664
2026-01-10 23:25:00,15738
2026-01-10 23:30:00,4891
2026-01-10 23:35:00,10565
2026-01-10 23:40:00,1444
2026-01-10 23:45:00,1448
2026-01-10 23:50:00,1372
2026-01-10 23:55:00,1453
2026-01-11 00:00:00,1493
2026-01-11 00:05:00,16066
2026-01-11 00:10:00,11795
2026-01-11 00:15:00,2039
2026-01-11 00:20:00,6377
2026-01-11 00:25:00,1432
2026-01-11 00:30:00,1473
2026-01-11 00:35:00,22973
2026-01-11 00:40:00,6876
2026-01-11 00:45:00,4171
2026-01-11 00:50:00,7094
2026-01-11 00:55:00,2356
2026-01-11 01:00:00,20994
2026-01-11 01:05:00,1397
2026-01-11 01:10:00,7416
2026-01-11 01:15:00,2558
2026-01-11 01:20:00,1392
2026-01-11 01:25:00,17895
2026-01-11 01:30:00,31315
2026-01-11 01:35:00,19169
2026-01-11 01:40:00,41800
2026-01-11 01:45:00,25261
2026-01-11 01:50:00,1618
2026-01-11 01:55:00,26990
2026-01-11 02:00:00,15101
2026-01-11 02:05:00,13471
2026-01-11 02:10:00,1897
2026-01-11 02:15:00,14565
2026-01-11 02:20:00,9313
2026-01-11 02:25:00,30492
2026-01-11 02:30:00,33533
2026-01-11 02:35:00,59841
2026-01-11 02:40:00,61602
2026-01-11 02:45:00,58416
2026-01-11 02:50:00,39089
2026-01-11 02:55:00,14093
2026-01-11 03:00:00,10533
2026-01-11 03:05:00,8302
2026-01-11 03:10:00,5573
2026-01-11 03:15:00,9943
2026-01-11 03:20:00,9530
2026-01-11 03:25:00,6685
2026-01-11 03:30:00,6360
2026-01-11 03:35:00,8284
2026-01-11 03:40:00,7372
2026-01-11 03:45:00,10214
2026-01-11 03:50:00,5953
2026-01-11 03:55:00,5254
2026-01-11 04:00:00,20267
2026-01-11 04:05:00,18889
2026-01-11 04:10:00,6380
2026-01-11 04:15:00,11166
2026-01-11 04:20:00,7184
2026-01-11 04:25:00,16956
2026-01-11 04:30:00,6428
2026-01-11 04:35:00,19416
2026-01-11 04:40:00,6545
2026-01-11 04:45:00,10052
2026-01-11 04:50:00,18550
2026-01-11 04:55:00,18940
2026-01-11 05:00:00,7528
2026-01-11 05:05:00,8771
2026-01-11 05:10:00,16325
2026-01-11 05:15:00,28768
2026-01-11 05:20:00,5025
2026-01-11 05:25:00,20380
2026-01-11 05:30:00,22229
2026-01-11 05:35:00,7659
2026-01-11 05:40:00,8331
2026-01-11 05:45:00,18967
2026-01-11 05:50:00,10323
2026-01-11 05:55:00,8786
2026-01-11 06:00:00,9634
2026-01-11 06:05:00,11586
2026-01-11 06:10:00,8108
2026-01-11 06:15:00,23177
2026-01-11 06:20:00,26958
2026-01-11 06:25:00,21197
2026-01-11 06:30:00,22212
2026-01-11 06:35:00,42844
2026-01-11 06:40:00,17949
2026-01-11 06:45:00,18395
2026-01-11 06:50:00,18226
2026-01-11 06:55:00,50376
2026-01-11 07:00:00,7212
2026-01-11 07:05:00,10016
2026-01-11 07:10:00,6352
2026-01-11 07:15:00,6642
2026-01-11 07:20:00,9890
2026-01-11 07:25:00,1825
2026-01-11 07:30:00,17346
2026-01-11 07:35:00,10762
2026-01-11 07:40:00,11224
2026-01-11 07:45:00,6738
2026-01-11 07:50:00,23844
2026-01-11 07:55:00,7021
2026-01-11 08:00:00,2569
2026-01-11 08:05:00,2734
2026-01-11 08:10:00,1693
2026-01-11 08:15:00,7710
2026-01-11 08:20:00,1700
2026-01-11 08:25:00,6498
2026-01-11 08:30:00,12481
2026-01-11 08:35:00,1824
2026-01-11 08:40:00,1784
2026-01-11 08:45:00,6328
2026-01-11 08:50:00,2253
2026-01-11 08:55:00,6065
2026-01-11 09:00:00,4184
2026-01-11 09:05:00,4741
2026-01-11 09:10:00,1855
2026-01-11 09:15:00,30042
2026-01-11 09:20:00,21226
2026-01-11 09:25:00,10411
2026-01-11 09:30:00,1795
2026-01-11 09:35:00,13154
2026-01-11 09:40:00,29129
2026-01-11 09:45:00,22114
2026-01-11 09:50:00,9532
2026-01-11 09:55:00,15528
2026-01-11 10:00:00,1870
2026-01-11 10:05:00,1697
2026-01-11 10:10:00,15951
2026-01-11 10:15:00,5329
2026-01-11 10:20:00,8592
2026-01-11 10:25:00,15263
2026-01-11 10:30:00,26907
2026-01-11 10:35:00,4497
2026-01-11 10:40:00,18662
2026-01-11 10:45:00,16398
2026-01-11 10:50:00,29205
2026-01-11 10:55:00,7603
2026-01-11 11:00:00,14906
2026-01-11 11:05:00,2014
2026-01-11 11:10:00,25367
2026-01-11 11:15:00,10773
2026-01-11 11:20:00,34891
2026-01-11 11:25:00,14326
2026-01-11 11:30:00,11810
2026-01-11 11:35:00,25776
2026-01-11 11:40:00,23779
2026-01-11 11:45:00,13725
2026-01-11 11:50:00,14487
2026-01-11 11:55:00,12972
2026-01-11 12:00:00,1968
2026-01-11 12:05:00,14281
2026-01-11 12:10:00,10883
2026-01-11 12:15:00,5252
2026-01-11 12:20:00,15107
2026-01-11 12:25:00,22251
2026-01-11 12:30:00,8501
2026-01-11 12:35:00,1822
2026-01-11 12:40:00,14712
2026-01-11 12:45:00,3888
2026-01-11 12:50:00,9318
2026-01-11 12:55:00,12630
2026-01-11 13:00:00,7380
2026-01-11 13:05:00,5642
2026-01-11 13:10:00,5565
2026-01-11 13:15:00,1752
2026-01-11 13:20:00,18190
2026-01-11 13:25:00,18822
2026-01-11 13:30:00,10784
2026-01-11 13:35:00,20600
2026-01-11 13:40:00,1722
2026-01-11 13:45:00,22728
2026-01-11 13:50:00,14899
2026-01-11 13:55:00,29947
2026-01-11 14:00:00,9380
2026-01-11 14:05:00,4231
2026-01-11 14:10:00,13103
2026-01-11 14:15:00,18484
2026-01-11 14:20:00,16838
2026-01-11 14:25:00,5824
2026-01-11 14:30:00,1851
2026-01-11 14:35:00,6809
2026-01-11 14:40:00,21207
2026-01-11 14:45:00,6530
2026-01-11 14:50:00,16740
2026-01-11 14:55:00,26695
2026-01-11 15:00:00,11502
2026-01-11 15:05:00,31094
2026-01-11 15:10:00,31101
2026-01-11 15:15:00,15335
2026-01-11 15:20:00,7803
2026-01-11 15:25:00,1746
2026-01-11 15:30:00,14760
2026-01-11 15:35:00,6023
2026-01-11 15:40:00,27553
2026-01-11 15:45:00,8678
2026-01-11 15:50:00,2247
2026-01-11 15:55:00,23627
2026-01-11 16:00:00,1751
2026-01-11 16:05:00,2058
2026-01-11 16:10:00,14723
2026-01-11 16:15:00,21266
2026-01-11 16:20:00,1945
2026-01-11 16:25:00,5958
2026-01-11 16:30:00,13809
2026-01-11 16:35:00,23736
2026-01-11 16:40:00,18632
2026-01-11 16:45:00,1705
2026-01-11 16:50:00,10841
2026-01-11 16:55:00,3014
2026-01-11 17:00:00,10826
2026-01-11 17:05:00,6989
2026-01-11 17:10:00,39504
2026-01-11 17:15:00,9703
2026-01-11 17:20:00,29668
2026-01-11 17:25:00,2146
2026-01-11 17:30:00,14478
2026-01-11 17:35:00,37765
2026-01-11 17:40:00,22404
2026-01-11 17:45:00,10483
2026-01-11 17:50:00,6691
2026-01-11 17:55:00,8527
2026-01-11 18:00:00,24065
2026-01-11 18:05:00,1726
2026-01-11 18:10:00,15410
2026-01-11 18:15:00,18328
2026-01-11 18:20:00,1602
2026-01-11 18:25:00,2087
2026-01-11 18:30:00,6270
2026-01-11 18:35:00,2214
2026-01-11 18:40:00,13556
2026-01-11 18:45:00,19418
2026-01-11 18:50:00,29855
2026-01-11 18:55:00,14040
2026-01-11 19:00:00,1733
2026-01-11 19:05:00,1841
2026-01-11 19:10:00,12486
2026-01-11 19:15:00,19833
2026-01-11 19:20:00,4377
2026-01-11 19:25:00,2326
2026-01-11 19:30:00,9259
2026-01-11 19:35:00,16330
2026-01-11 19:40:00,5053
2026-01-11 19:45:00,9193
2026-01-11 19:50:00,7215
2026-01-11 19:55:00,2298
2026-01-11 20:00:00,15371
2026-01-11 20:05:00,9604
2026-01-11 20:10:00,26983
2026-01-11 20:15:00,4142
2026-01-11 20:20:00,4036
2026-01-11 20:25:00,18702
2026-01-11 20:30:00,1807
2026-01-11 20:35:00,1655
2026-01-11 20:40:00,15018
2026-01-11 20:45:00,1826
2026-01-11 20:50:00,20410
2026-01-11 20:55:00,24969
2026-01-11 21:00:00,15051
2026-01-11 21:05:00,30648
2026-01-11 21:10:00,13594
2026-01-11 21:15:00,1784
2026-01-11 21:20:00,29462
2026-01-11 21:25:00,7877
2026-01-11 21:30:00,1633
2026-01-11 21:35:00,20993
2026-01-11 21:40:00,15362
2026-01-11 21:45:00,4157
2026-01-11 21:50:00,15613
2026-01-11 21:55:00,17302
2026-01-11 22:00:00,12646
2026-01-11 22:05:00,33702
2026-01-11 22:10:00,21051
2026-01-11 22:15:00,18341
2026-01-11 22:20:00,6934
2026-01-11 22:25:00,43471
2026-01-11 22:30:00,14478
2026-01-11 22:35:00,29890
2026-01-11 22:40:00,16817
2026-01-11 22:45:00,7075
2026-01-11 22:50:00,20747
2026-01-11 22:55:00,30895
2026-01-11 23:00:00,6512
2026-01-11 23:05:00,11061
2026-01-11 23:10:00,22596
2026-01-11 23:15:00,16813
2026-01-11 23:20:00,11889
2026-01-11 23:25:00,7259
2026-01-11 23:30:00,26944
2026-01-11 23:35:00,24211
2026-01-11 23:40:00,8616
2026-01-11 23:45:00,18342
2026-01-11 23:50:00,8739
2026-01-11 23:55:00,7595
2026-01-12 00:00:00,16493
2026-01-12 00:05:00,18666
2026-01-12 00:10:00,6207
2026-01-12 00:15:00,7200
2026-01-12 00:20:00,9176
2026-01-12 00:25:00,13885
2026-01-12 00:30:00,28951
2026-01-12 00:35:00,9020
2026-01-12 00:40:00,13061
2026-01-12 00:45:00,5210
2026-01-12 00:50:00,16997
2026-01-12 00:55:00,13116
2026-01-12 01:00:00,4610
2026-01-12 01:05:00,22949
2026-01-12 01:10:00,6098
2026-01-12 01:15:00,11136
2026-01-12 01:20:00,3112
2026-01-12 01:25:00,17998
2026-01-12 01:30:00,31160
2026-01-12 01:35:00,1341
2026-01-12 01:40:00,15035
2026-01-12 01:45:00,21938
2026-01-12 01:50:00,14985
2026-01-12 01:55:00,17105
2026-01-12 02:00:00,26845
2026-01-12 02:05:00,44180
2026-01-12 02:10:00,16572
2026-01-12 02:15:00,32171
2026-01-12 02:20:00,8294
2026-01-12 02:25:00,2783
2026-01-12 02:30:00,4352
2026-01-12 02:35:00,6659
2026-01-12 02:40:00,13132
2026-01-12 02:45:00,68117
2026-01-12 02:50:00,36612
2026-01-12 02:55:00,8824
2026-01-12 03:00:00,5662
2026-01-12 03:05:00,4711
2026-01-12 03:10:00,5238
2026-01-12 03:15:00,5321
2026-01-12 03:20:00,4983
2026-01-12 03:25:00,5534
2026-01-12 03:30:00,4868
2026-01-12 03:35:00,4662
2026-01-12 03:40:00,5202
2026-01-12 03:45:00,4531
2026-01-12 03:50:00,3704
2026-01-12 03:55:00,3952
2026-01-12 04:00:00,4646
2026-01-12 04:05:00,4359
2026-01-12 04:10:00,4321
2026-01-12 04:15:00,4498
2026-01-12 04:20:00,4246
2026-01-12 04:25:00,4716
2026-01-12 04:30:00,4436
2026-01-12 04:35:00,5152
2026-01-12 04:40:00,5059
2026-01-12 04:45:00,4489
2026-01-12 04:50:00,4906
2026-01-12 04:55:00,4788
2026-01-12 05:00:00,5320
2026-01-12 05:05:00,4780
2026-01-12 05:10:00,5486
2026-01-12 05:15:00,5957
2026-01-12 05:20:00,5873
2026-01-12 05:25:00,5836
2026-01-12 05:30:00,6414
2026-01-12 05:35:00,6520
2026-01-12 05:40:00,7008
2026-01-12 05:45:00,7022
2026-01-12 05:50:00,6851
2026-01-12 05:55:00,8426
2026-01-12 06:00:00,10493
2026-01-12 06:05:00,10565
2026-01-12 06:10:00,10288
2026-01-12 06:15:00,10277
2026-01-12 06:20:00,10108
2026-01-12 06:25:00,10972
2026-01-12 06:30:00,11702
2026-01-12 06:35:00,10887
2026-01-12 06:40:00,2657
2026-01-12 06:45:00,2160
2026-01-12 06:50:00,1796
2026-01-12 06:55:00,1786
2026-01-12 07:00:00,1785
2026-01-12 07:05:00,1793
2026-01-12 07:10:00,1738
2026-01-12 07:15:00,1832
2026-01-12 07:20:00,1823
2026-01-12 07:25:00,1771
2026-01-12 07:30:00,1791
2026-01-12 07:35:00,1891
2026-01-12 07:40:00,1846
2026-01-12 07:45:00,2331
2026-01-12 07:50:00,1794
2026-01-12 07:55:00,1819
2026-01-12 08:00:00,1861
2026-01-12 08:05:00,1846
2026-01-12 08:10:00,1880
2026-01-12 08:15:00,1934
2026-01-12 08:20:00,1855
2026-01-12 08:25:00,1864
2026-01-12 08:30:00,1911
2026-01-12 08:35:00,1886
2026-01-12 08:40:00,1913
2026-01-12 08:45:00,1860
2026-01-12 08:50:00,2061
2026-01-12 08:55:00,2083
2026-01-12 09:00:00,1871
2026-01-12 09:05:00,1967
2026-01-12 09:10:00,1868
2026-01-12 09:15:00,1781
2026-01-12 09:20:00,1817
2026-01-12 09:25:00,1789
2026-01-12 09:30:00,1859
2026-01-12 09:35:00,1842
2026-01-12 09:40:00,1877
2026-01-12 09:45:00,1886
2026-01-12 09:50:00,1915
2026-01-12 09:55:00,1804
2026-01-12 10:00:00,1924
2026-01-12 10:05:00,1881
2026-01-12 10:10:00,1852
2026-01-12 10:15:00,1923
2026-01-12 10:20:00,1840
2026-01-12 10:25:00,1878
2026-01-12 10:30:00,1892
2026-01-12 10:35:00,1900
2026-01-12 10:40:00,1870
2026-01-12 10:45:00,1926
2026-01-12 10:50:00,1862
2026-01-12 10:55:00,1855
2026-01-12 11:00:00,1900
2026-01-12 11:05:00,1882
2026-01-12 11:10:00,1901
2026-01-12 11:15:00,1951
2026-01-12 11:20:00,1962
2026-01-12 11:25:00,1972
2026-01-12 11:30:00,2043
2026-01-12 11:35:00,1981
2026-01-12 11:40:00,1888
2026-01-12 11:45:00,1892
2026-01-12 11:50:00,1948
2026-01-12 11:55:00,1966

