time,value
2026-01-01 10:45:00,58287648480
2026-01-01 10:50:00,52625478918
2026-01-01 10:55:00,54233184317
2026-01-01 11:00:00,50932843133
2026-01-01 11:05:00,51770264179
2026-01-01 11:10:00,48755556080
2026-01-01 11:15:00,44803934733
2026-01-01 11:20:00,51358115653
2026-01-01 11:25:00,51307532392
2026-01-01 11:30:00,51023613120
2026-01-01 11:35:00,49479781024
2026-01-01 11:40:00,49893190720
2026-01-01 11:45:00,49156560432
2026-01-01 11:50:00,52313498962
2026-01-01 11:55:00,47385375813
2026-01-01 12:00:00,48892170566
2026-01-01 12:05:00,51931368018
2026-01-01 12:10:00,50973779862
2026-01-01 12:15:00,51170769466
2026-01-01 12:20:00,54955151251
2026-01-01 12:25:00,50262772846
2026-01-01 12:30:00,54715432037
2026-01-01 12:35:00,53031434326
2026-01-01 12:40:00,49165047530
2026-01-01 12:45:00,45913324786
2026-01-01 12:50:00,48227053138
2026-01-01 12:55:00,46187048683
2026-01-01 13:00:00,43577629979
2026-01-01 13:05:00,46872056016
2026-01-01 13:10:00,46549231762
2026-01-01 13:15:00,41945051730
2026-01-01 13:20:00,40745924150
2026-01-01 13:25:00,40479462936
2026-01-01 13:30:00,40593752904
2026-01-01 13:35:00,41186549835
2026-01-01 13:40:00,38734869416
2026-01-01 13:45:00,42390051557
2026-01-01 13:50:00,39830852203
2026-01-01 13:55:00,39462472317
2026-01-01 14:00:00,42504182968
2026-01-01 14:05:00,39417652418
2026-01-01 14:10:00,37543465117
2026-01-01 14:15:00,37513459750
2026-01-01 14:20:00,38209354834
2026-01-01 14:25:00,35855210043
2026-01-01 14:30:00,36391172038
2026-01-01 14:35:00,38603752558
2026-01-01 14:40:00,36857218979
2026-01-01 14:45:00,35524780198
2026-01-01 14:50:00,37182291573
2026-01-01 14:55:00,51690507746
2026-01-01 15:00:00,53268738874
2026-01-01 15:05:00,46798472920
2026-01-01 15:10:00,50500793294
2026-01-01 15:15:00,47757185330
2026-01-01 15:20:00,50073222058
2026-01-01 15:25:00,47038901142
2026-01-01 15:30:00,50460441462
2026-01-01 15:35:00,47369709986
2026-01-01 15:40:00,47051111762
2026-01-01 15:45:00,47166867768
2026-01-01 15:50:00,46550096992
2026-01-01 15:55:00,50654255624
2026-01-01 16:00:00,48756451210
2026-01-01 16:05:00,47546252458
2026-01-01 16:10:00,46617734565
2026-01-01 16:15:00,41617442821
2026-01-01 16:20:00,41975295115
2026-01-01 16:25:00,42063173616
2026-01-01 16:30:00,44651166850
2026-01-01 16:35:00,44920964304
2026-01-01 16:40:00,40934334288
2026-01-01 16:45:00,44816058424
2026-01-01 16:50:00,43336565834
2026-01-01 16:55:00,42088542350
2026-01-01 17:00:00,46407192632
2026-01-01 17:05:00,47507520450
2026-01-01 17:10:00,46698748486
2026-01-01 17:15:00,43599294994
2026-01-01 17:20:00,39333597403
2026-01-01 17:25:00,41307697570
2026-01-01 17:30:00,47394010630
2026-01-01 17:35:00,48993416490
2026-01-01 17:40:00,43993644312
2026-01-01 17:45:00,43350739510
2026-01-01 17:50:00,43122799442
2026-01-01 17:55:00,44563142613
2026-01-01 18:00:00,50590392874
2026-01-01 18:05:00,45238204894
2026-01-01 18:10:00,42006679688
2026-01-01 18:15:00,40061886366
2026-01-01 18:20:00,40955248982
2026-01-01 18:25:00,43914367629
2026-01-01 18:30:00,44208990141
2026-01-01 18:35:00,41456849586
2026-01-01 18:40:00,42526790066
2026-01-01 18:45:00,48670195531
2026-01-01 18:50:00,44869048373
2026-01-01 18:55:00,41228447138
2026-01-01 19:00:00,40042822258
2026-01-01 19:05:00,39783219334
2026-01-01 19:10:00,43042537043
2026-01-01 19:15:00,39445254448
2026-01-01 19:20:00,37648101685
2026-01-01 19:25:00,40693434075
2026-01-01 19:30:00,35325214830
2026-01-01 19:35:00,34979235328
2026-01-01 19:40:00,35833760672
2026-01-01 19:45:00,35172297962
2026-01-01 19:50:00,38328663514
2026-01-01 19:55:00,32060486875
2026-01-01 20:00:00,40678390434
2026-01-01 20:05:00,42026666117
2026-01-01 20:10:00,40685380522
2026-01-01 20:15:00,44065257245
2026-01-01 20:20:00,37577217085
2026-01-01 20:25:00,36009739586
2026-01-01 20:30:00,39389198210
2026-01-01 20:35:00,43469401446
2026-01-01 20:40:00,39226645888
2026-01-01 20:45:00,37158882226
2026-01-01 20:50:00,33715884150
2026-01-01 20:55:00,35255654952
2026-01-01 21:00:00,35349455771
2026-01-01 21:05:00,38210948838
2026-01-01 21:10:00,37944839957
2026-01-01 21:15:00,37243430147
2026-01-01 21:20:00,35692085866
2026-01-01 21:25:00,32735623872
2026-01-01 21:30:00,39352330715
2026-01-01 21:35:00,32486308320
2026-01-01 21:40:00,30223196341
2026-01-01 21:45:00,30858680528
2026-01-01 21:50:00,33829896869
2026-01-01 21:55:00,30528600902
2026-01-01 22:00:00,34139411712
2026-01-01 22:05:00,29767782645
2026-01-01 22:10:00,27802443605
2026-01-01 22:15:00,25965380616
2026-01-01 22:20:00,27971913669
2026-01-01 22:25:00,24781888062
2026-01-01 22:30:00,22294774242
2026-01-01 22:35:00,23080718699
2026-01-01 22:40:00,23870788730
2026-01-01 22:45:00,24658476354
2026-01-01 22:50:00,24817410858
2026-01-01 22:55:00,23199073678
2026-01-01 23:00:00,21235858582
2026-01-01 23:05:00,23225720387
2026-01-01 23:10:00,23088719914
2026-01-01 23:15:00,22458430579
2026-01-01 23:20:00,21492305123
2026-01-01 23:25:00,20169215550
2026-01-01 23:30:00,20789482536
2026-01-01 23:35:00,24109177987
2026-01-01 23:40:00,23069538840
2026-01-01 23:45:00,22315136149
2026-01-01 23:50:00,23282878648
2026-01-01 23:55:00,22262739488
2026-01-02 00:00:00,37054387027
2026-01-02 00:05:00,54079751208
2026-01-02 00:10:00,49026524597
2026-01-02 00:15:00,54048463048
2026-01-02 00:20:00,40737842360
2026-01-02 00:25:00,35121844728
2026-01-02 00:30:00,56590201795
2026-01-02 00:35:00,55998570866
2026-01-02 00:40:00,54564635691
2026-01-02 00:45:00,43484217958
2026-01-02 00:50:00,42872288242
2026-01-02 00:55:00,40375353774
2026-01-02 01:00:00,37545621442
2026-01-02 01:05:00,43986539608
2026-01-02 01:10:00,37500537382
2026-01-02 01:15:00,40978620365
2026-01-02 01:20:00,40471435592
2026-01-02 01:25:00,44955175718
2026-01-02 01:30:00,39551814014
2026-01-02 01:35:00,34319420008
2026-01-02 01:40:00,37058193283
2026-01-02 01:45:00,32414735779
2026-01-02 01:50:00,28653462160
2026-01-02 01:55:00,29747391240
2026-01-02 02:00:00,23587693301
2026-01-02 02:05:00,29713520858
2026-01-02 02:10:00,30404120312
2026-01-02 02:15:00,29790640760
2026-01-02 02:20:00,32221493389
2026-01-02 02:25:00,32369016062
2026-01-02 02:30:00,33179857184
2026-01-02 02:35:00,30538305386
2026-01-02 02:40:00,28653409363
2026-01-02 02:45:00,25828945282
2026-01-02 02:50:00,25674507544
2026-01-02 02:55:00,26193274141
2026-01-02 03:00:00,29241280368
2026-01-02 03:05:00,26524314517
2026-01-02 03:10:00,28699644667
2026-01-02 03:15:00,28056607576
2026-01-02 03:20:00,26426516397
2026-01-02 03:25:00,23685072005
2026-01-02 03:30:00,23930708536
2026-01-02 03:35:00,19897682094
2026-01-02 03:40:00,23214216571
2026-01-02 03:45:00,24379017922
2026-01-02 03:50:00,22389685040
2026-01-02 03:55:00,20032035989
2026-01-02 04:00:00,16938367634
2026-01-02 04:05:00,18179327082
2026-01-02 04:10:00,16962228971
2026-01-02 04:15:00,16372524021
2026-01-02 04:20:00,15394209978
2026-01-02 04:25:00,16200468952
2026-01-02 04:30:00,17710134715
2026-01-02 04:35:00,18708467392
2026-01-02 04:40:00,21177420830
2026-01-02 04:45:00,22863567088
2026-01-02 04:50:00,22645108931
2026-01-02 04:55:00,24635145878
2026-01-02 05:00:00,24265879838
2026-01-02 05:05:00,26221041170
2026-01-02 05:10:00,29178951957
2026-01-02 05:15:00,30399837706
2026-01-02 05:20:00,29591097662
2026-01-02 05:25:00,28652075598
2026-01-02 05:30:00,28985156488
2026-01-02 05:35:00,25473019218
2026-01-02 05:40:00,21090951955
2026-01-02 05:45:00,21790028194
2026-01-02 05:50:00,24239678333
2026-01-02 05:55:00,22520843011
2026-01-02 06:00:00,22194925960
2026-01-02 06:05:00,28073211930
2026-01-02 06:10:00,24875602734
2026-01-02 06:15:00,24841668382
2026-01-02 06:20:00,26455620896
2026-01-02 06:25:00,26788693552
2026-01-02 06:30:00,32973395714
2026-01-02 06:35:00,35435301912
2026-01-02 06:40:00,39759515750
2026-01-02 06:45:00,37186255115
2026-01-02 06:50:00,33481795112
2026-01-02 06:55:00,38431366328
2026-01-02 07:00:00,46586710194
2026-01-02 07:05:00,49877906760
2026-01-02 07:10:00,48039675118
2026-01-02 07:15:00,46511627467
2026-01-02 07:20:00,47774760797
2026-01-02 07:25:00,50236813186
2026-01-02 07:30:00,55413275482
2026-01-02 07:35:00,54040786558
2026-01-02 07:40:00,52149725566
2026-01-02 07:45:00,46356196795
2026-01-02 07:50:00,51437375186
2026-01-02 07:55:00,49754751939
2026-01-02 08:00:00,53860865078
2026-01-02 08:05:00,52438837917
2026-01-02 08:10:00,57915872717
2026-01-02 08:15:00,55244018989
2026-01-02 08:20:00,61214155730
2026-01-02 08:25:00,54342069706
2026-01-02 08:30:00,55873016445
2026-01-02 08:35:00,57936841654
2026-01-02 08:40:00,56662986114
2026-01-02 08:45:00,55926392762
2026-01-02 08:50:00,60167207501
2026-01-02 08:55:00,53064715346
2026-01-02 09:00:00,56824105675
2026-01-02 09:05:00,54288970690
2026-01-02 09:10:00,54678310976
2026-01-02 09:15:00,54428198147
2026-01-02 09:20:00,52360232680
2026-01-02 09:25:00,53023037419
2026-01-02 09:30:00,58183164314
2026-01-02 09:35:00,56141203093
2026-01-02 09:40:00,56412571250
2026-01-02 09:45:00,56067155718
2026-01-02 09:50:00,50907989211
2026-01-02 09:55:00,53951865509
2026-01-02 10:00:00,55930751306
2026-01-02 10:05:00,57236825552
2026-01-02 10:10:00,56098113069
2026-01-02 10:15:00,51752136218
2026-01-02 10:20:00,56161736261
2026-01-02 10:25:00,53893763422
2026-01-02 10:30:00,52279446976
2026-01-02 10:35:00,57539797110
2026-01-02 10:40:00,58250493488
2026-01-02 10:45:00,56218837333
2026-01-02 10:50:00,59171386830
2026-01-02 10:55:00,56454914352
2026-01-02 11:00:00,54176400374
2026-01-02 11:05:00,55676384467
2026-01-02 11:10:00,51567933565
2026-01-02 11:15:00,50087790261
2026-01-02 11:20:00,52695664923
2026-01-02 11:25:00,51049161763
2026-01-02 11:30:00,46981545973
2026-01-02 11:35:00,51067615530
2026-01-02 11:40:00,51910918363
2026-01-02 11:45:00,47570297882
2026-01-02 11:50:00,55722936982
2026-01-02 11:55:00,52263678053
2026-01-02 12:00:00,52228828901
2026-01-02 12:05:00,47925772685
2026-01-02 12:10:00,51819744520
2026-01-02 12:15:00,50993635293
2026-01-02 12:20:00,54607719859
2026-01-02 12:25:00,55224263258
2026-01-02 12:30:00,57078450902
2026-01-02 12:35:00,58612913600
2026-01-02 12:40:00,48190312989
2026-01-02 12:45:00,50243616741
2026-01-02 12:50:00,47501924990
2026-01-02 12:55:00,49574782538
2026-01-02 13:00:00,48492764544
2026-01-02 13:05:00,49157830610
2026-01-02 13:10:00,49408392587
2026-01-02 13:15:00,44239048954
2026-01-02 13:20:00,47166779704
2026-01-02 13:25:00,44977920491
2026-01-02 13:30:00,46090001922
2026-01-02 13:35:00,42676145435
2026-01-02 13:40:00,40995156754
2026-01-02 13:45:00,41631447160
2026-01-02 13:50:00,40055017989
2026-01-02 13:55:00,41666878470
2026-01-02 14:00:00,38700415475
2026-01-02 14:05:00,39208354206
2026-01-02 14:10:00,39874735690
2026-01-02 14:15:00,38284589232
2026-01-02 14:20:00,36365907680
2026-01-02 14:25:00,36960457536
2026-01-02 14:30:00,41300648138
2026-01-02 14:35:00,39354694990
2026-01-02 14:40:00,35989272656
2026-01-02 14:45:00,36837821194
2026-01-02 14:50:00,39502669237
2026-01-02 14:55:00,42696528541
2026-01-02 15:00:00,42000351270
2026-01-02 15:05:00,53561032794
2026-01-02 15:10:00,53194713525
2026-01-02 15:15:00,51429098221
2026-01-02 15:20:00,47165842803
2026-01-02 15:25:00,44430614822
2026-01-02 15:30:00,48931453922
2026-01-02 15:35:00,44403131501
2026-01-02 15:40:00,50100286717
2026-01-02 15:45:00,48933754011
2026-01-02 15:50:00,48358632614
2026-01-02 15:55:00,49446958738
2026-01-02 16:00:00,45308685110
2026-01-02 16:05:00,44063843522
2026-01-02 16:10:00,43218417778
2026-01-02 16:15:00,42552651258
2026-01-02 16:20:00,47955897198
2026-01-02 16:25:00,42002133962
2026-01-02 16:30:00,41070115085
2026-01-02 16:35:00,42123255101
2026-01-02 16:40:00,46262884683
2026-01-02 16:45:00,45068290147
2026-01-02 16:50:00,44126947091
2026-01-02 16:55:00,38372786162
2026-01-02 17:00:00,38785052062
2026-01-02 17:05:00,45350216661
2026-01-02 17:10:00,47383424456
2026-01-02 17:15:00,47015805618
2026-01-02 17:20:00,49578269488
2026-01-02 17:25:00,44599018014
2026-01-02 17:30:00,41962430070
2026-01-02 17:35:00,43833905610
2026-01-02 17:40:00,44859136078
2026-01-02 17:45:00,45886140160
2026-01-02 17:50:00,47512480550
2026-01-02 17:55:00,49153475358
2026-01-02 18:00:00,48565671547
2026-01-02 18:05:00,45576550083
2026-01-02 18:10:00,40557133666
2026-01-02 18:15:00,42164074552
2026-01-02 18:20:00,41746320411
2026-01-02 18:25:00,40663124968
2026-01-02 18:30:00,41582120256
2026-01-02 18:35:00,39646850307
2026-01-02 18:40:00,39501319706
2026-01-02 18:45:00,39111186634
2026-01-02 18:50:00,40017652978
2026-01-02 18:55:00,44563208963
2026-01-02 19:00:00,45722082096
2026-01-02 19:05:00,43725715312
2026-01-02 19:10:00,43975415059
2026-01-02 19:15:00,41295963062
2026-01-02 19:20:00,40604029333
2026-01-02 19:25:00,41484695976
2026-01-02 19:30:00,39825637294
2026-01-02 19:35:00,46424099230
2026-01-02 19:40:00,35207535646
2026-01-02 19:45:00,42456357778
2026-01-02 19:50:00,39529811477
2026-01-02 19:55:00,35499761861
2026-01-02 20:00:00,38034150784
2026-01-02 20:05:00,42162573842
2026-01-02 20:10:00,41391655306
2026-01-02 20:15:00,36063582059
2026-01-02 20:20:00,41332266226
2026-01-02 20:25:00,39015556187
2026-01-02 20:30:00,39759136173
2026-01-02 20:35:00,36315178544
2026-01-02 20:40:00,38675893136
2026-01-02 20:45:00,36798332630
2026-01-02 20:50:00,34477451936
2026-01-02 20:55:00,35231323746
2026-01-02 21:00:00,34169617338
2026-01-02 21:05:00,35559488958
2026-01-02 21:10:00,32820206571
2026-01-02 21:15:00,34811206162
2026-01-02 21:20:00,34851799925
2026-01-02 21:25:00,32907123718
2026-01-02 21:30:00,33527445427
2026-01-02 21:35:00,32688446067
2026-01-02 21:40:00,30081623872
2026-01-02 21:45:00,31466367454
2026-01-02 21:50:00,30969693259
2026-01-02 21:55:00,32486333526
2026-01-02 22:00:00,33017990037
2026-01-02 22:05:00,28791998395
2026-01-02 22:10:00,27257500557
2026-01-02 22:15:00,25292537669
2026-01-02 22:20:00,26343398891
2026-01-02 22:25:00,25608973230
2026-01-02 22:30:00,29691494635
2026-01-02 22:35:00,28621161373
2026-01-02 22:40:00,24232625190
2026-01-02 22:45:00,23581905218
2026-01-02 22:50:00,24491480920
2026-01-02 22:55:00,22756065613
2026-01-02 23:00:00,21634351206
2026-01-02 23:05:00,26014546358
2026-01-02 23:10:00,24335321883
2026-01-02 23:15:00,22844968874
2026-01-02 23:20:00,21349749933
2026-01-02 23:25:00,21841798683
2026-01-02 23:30:00,21903752322
2026-01-02 23:35:00,20821762083
2026-01-02 23:40:00,23430817587
2026-01-02 23:45:00,21672805626
2026-01-02 23:50:00,20100885970
2026-01-02 23:55:00,19353018389
2026-01-03 00:00:00,32472375984
2026-01-03 00:05:00,48380110371
2026-01-03 00:10:00,53850574456
2026-01-03 00:15:00,50303154066
2026-01-03 00:20:00,41313910274
2026-01-03 00:25:00,44166751342
2026-01-03 00:30:00,46576082086
2026-01-03 00:35:00,55785179467
2026-01-03 00:40:00,55705408662
2026-01-03 00:45:00,51944103058
2026-01-03 00:50:00,54518739187
2026-01-03 00:55:00,44564780720
2026-01-03 01:00:00,38854278789
2026-01-03 01:05:00,47256134250
2026-01-03 01:10:00,48467441787
2026-01-03 01:15:00,43948095186
2026-01-03 01:20:00,45071432683
2026-01-03 01:25:00,43418246426
2026-01-03 01:30:00,42841810312
2026-01-03 01:35:00,36750684907
2026-01-03 01:40:00,32216174765
2026-01-03 01:45:00,30158483917
2026-01-03 01:50:00,33207113072
2026-01-03 01:55:00,29260162736
2026-01-03 02:00:00,24426043267
2026-01-03 02:05:00,31613550422
2026-01-03 02:10:00,35120762368
2026-01-03 02:15:00,38369211850
2026-01-03 02:20:00,34584623310
2026-01-03 02:25:00,34631114008
2026-01-03 02:30:00,36739918323
2026-01-03 02:35:00,39973605974
2026-01-03 02:40:00,34730046085
2026-01-03 02:45:00,36938959330
2026-01-03 02:50:00,35608090034
2026-01-03 02:55:00,35325474315
2026-01-03 03:00:00,34811301798
2026-01-03 03:05:00,35733657016
2026-01-03 03:10:00,35020044477
2026-01-03 03:15:00,29846519114
2026-01-03 03:20:00,28701257240
2026-01-03 03:25:00,28299013981
2026-01-03 03:30:00,27274922435
2026-01-03 03:35:00,24255800934
2026-01-03 03:40:00,22681236835
2026-01-03 03:45:00,21415723419
2026-01-03 03:50:00,20950118755
2026-01-03 03:55:00,21919108906
2026-01-03 04:00:00,22437239958
2026-01-03 04:05:00,21419205933
2026-01-03 04:10:00,20588699931
2026-01-03 04:15:00,20916702637
2026-01-03 04:20:00,21278396438
2026-01-03 04:25:00,21913923234
2026-01-03 04:30:00,19767470482
2026-01-03 04:35:00,21153481613
2026-01-03 04:40:00,26208909587
2026-01-03 04:45:00,26757750949
2026-01-03 04:50:00,28637257235
2026-01-03 04:55:00,30566827578
2026-01-03 05:00:00,30181698302
2026-01-03 05:05:00,31857962370
2026-01-03 05:10:00,36074102946
2026-01-03 05:15:00,36380470437
2026-01-03 05:20:00,34182041330
2026-01-03 05:25:00,35628693019
2026-01-03 05:30:00,31936072091
2026-01-03 05:35:00,21354513682
2026-01-03 05:40:00,20992787224
2026-01-03 05:45:00,19034444874
2026-01-03 05:50:00,18181629248
2026-01-03 05:55:00,20592713552
2026-01-03 06:00:00,21329104403
2026-01-03 06:05:00,23313322035
2026-01-03 06:10:00,23772635352
2026-01-03 06:15:00,21896147795
2026-01-03 06:20:00,25209887443
2026-01-03 06:25:00,28617575154
2026-01-03 06:30:00,42893956717
2026-01-03 06:35:00,43643612091
2026-01-03 06:40:00,41491987754
2026-01-03 06:45:00,36900863197
2026-01-03 06:50:00,40512814566
2026-01-03 06:55:00,39059836341
2026-01-03 07:00:00,44631508845
2026-01-03 07:05:00,47302048960
2026-01-03 07:10:00,49151220946
2026-01-03 07:15:00,54844348422
2026-01-03 07:20:00,56744015584
2026-01-03 07:25:00,56029893166
2026-01-03 07:30:00,58530218171
2026-01-03 07:35:00,53388832555
2026-01-03 07:40:00,57606047699
2026-01-03 07:45:00,53404786878
2026-01-03 07:50:00,53604995837
2026-01-03 07:55:00,51336629496
2026-01-03 08:00:00,57605956149
2026-01-03 08:05:00,58035508872
2026-01-03 08:10:00,56954580762
2026-01-03 08:15:00,55399302426
2026-01-03 08:20:00,52884371605
2026-01-03 08:25:00,55883662098
2026-01-03 08:30:00,58021510678
2026-01-03 08:35:00,58535152861
2026-01-03 08:40:00,58038340338
2026-01-03 08:45:00,56518766738
2026-01-03 08:50:00,57859527939
2026-01-03 08:55:00,56321182552
2026-01-03 09:00:00,62376955208
2026-01-03 09:05:00,60665340299
2026-01-03 09:10:00,56244918968
2026-01-03 09:15:00,59046889635
2026-01-03 09:20:00,55412794400
2026-01-03 09:25:00,53980571346
2026-01-03 09:30:00,58099106736
2026-01-03 09:35:00,56503780442
2026-01-03 09:40:00,58677638797
2026-01-03 09:45:00,57992833474
2026-01-03 09:50:00,56448124536
2026-01-03 09:55:00,58240064456
2026-01-03 10:00:00,56965550955
2026-01-03 10:05:00,57801765925
2026-01-03 10:10:00,58292224661
2026-01-03 10:15:00,58247735760
2026-01-03 10:20:00,56004861736
2026-01-03 10:25:00,56363193251
2026-01-03 10:30:00,56573582403
2026-01-03 10:35:00,57103604555
2026-01-03 10:40:00,57836734178
2026-01-03 10:45:00,52271379872
2026-01-03 10:50:00,51196988509
2026-01-03 10:55:00,54356400050
2026-01-03 11:00:00,53681830448
2026-01-03 11:05:00,56005891819
2026-01-03 11:10:00,51246254358
2026-01-03 11:15:00,49966304786
2026-01-03 11:20:00,52127520117
2026-01-03 11:25:00,53704377485
2026-01-03 11:30:00,50957692331
2026-01-03 11:35:00,49752618811
2026-01-03 11:40:00,52794587710
2026-01-03 11:45:00,52690965189
2026-01-03 11:50:00,49583131334
2026-01-03 11:55:00,48394273131
2026-01-03 12:00:00,48706270406
2026-01-03 12:05:00,48100552434
2026-01-03 12:10:00,48082616822
2026-01-03 12:15:00,49749663864
2026-01-03 12:20:00,54697198926
2026-01-03 12:25:00,47410766558
2026-01-03 12:30:00,53387655326
2026-01-03 12:35:00,54145202114
2026-01-03 12:40:00,52419245434
2026-01-03 12:45:00,43793220258
2026-01-03 12:50:00,42400029677
2026-01-03 12:55:00,43586334059
2026-01-03 13:00:00,44039388158
2026-01-03 13:05:00,46817408118
2026-01-03 13:10:00,48600655533
2026-01-03 13:15:00,45723187590
2026-01-03 13:20:00,42704763238
2026-01-03 13:25:00,40046916882
2026-01-03 13:30:00,46202172219
2026-01-03 13:35:00,44738208112
2026-01-03 13:40:00,41205425789
2026-01-03 13:45:00,42718671139
2026-01-03 13:50:00,42881784074
2026-01-03 13:55:00,42938453371
2026-01-03 14:00:00,43216586738
2026-01-03 14:05:00,43796065619
2026-01-03 14:10:00,44618025610
2026-01-03 14:15:00,42883042989
2026-01-03 14:20:00,40987526426
2026-01-03 14:25:00,40790993610
2026-01-03 14:30:00,41881490290
2026-01-03 14:35:00,41733427877
2026-01-03 14:40:00,43256624502
2026-01-03 14:45:00,44745106083
2026-01-03 14:50:00,37760167022
2026-01-03 14:55:00,41532970429
2026-01-03 15:00:00,49428425987
2026-01-03 15:05:00,48965840008
2026-01-03 15:10:00,56134038170
2026-01-03 15:15:00,53055915162
2026-01-03 15:20:00,48769633587
2026-01-03 15:25:00,46710440243
2026-01-03 15:30:00,48044311019
2026-01-03 15:35:00,45830125686
2026-01-03 15:40:00,46974259005
2026-01-03 15:45:00,45945358982
2026-01-03 15:50:00,45455672027
2026-01-03 15:55:00,45711910821
2026-01-03 16:00:00,46601749419
2026-01-03 16:05:00,47066562806
2026-01-03 16:10:00,50656807014
2026-01-03 16:15:00,49075849442
2026-01-03 16:20:00,42094020326
2026-01-03 16:25:00,46245460984
2026-01-03 16:30:00,47485247166
2026-01-03 16:35:00,43600155693
2026-01-03 16:40:00,47210730587
2026-01-03 16:45:00,43904663875
2026-01-03 16:50:00,43903942109
2026-01-03 16:55:00,45546630781
2026-01-03 17:00:00,45036524682
2026-01-03 17:05:00,47406730386
2026-01-03 17:10:00,46996473662
2026-01-03 17:15:00,48740368082
2026-01-03 17:20:00,51833112992
2026-01-03 17:25:00,46259711043
2026-01-03 17:30:00,49205894590
2026-01-03 17:35:00,44099894824
2026-01-03 17:40:00,47857424110
2026-01-03 17:45:00,46368507950
2026-01-03 17:50:00,42260117155
2026-01-03 17:55:00,44627963083
2026-01-03 18:00:00,50956531283
2026-01-03 18:05:00,50338582096
2026-01-03 18:10:00,48015672542
2026-01-03 18:15:00,50455769226
2026-01-03 18:20:00,48909033318
2026-01-03 18:25:00,51393683640
2026-01-03 18:30:00,53082400634
2026-01-03 18:35:00,46036804478
2026-01-03 18:40:00,47129264390
2026-01-03 18:45:00,42912349843
2026-01-03 18:50:00,45669831056
2026-01-03 18:55:00,48753855427
2026-01-03 19:00:00,44318363906
2026-01-03 19:05:00,39911429848
2026-01-03 19:10:00,43301957101
2026-01-03 19:15:00,48071526389
2026-01-03 19:20:00,46259026163
2026-01-03 19:25:00,46119046918
2026-01-03 19:30:00,38569931642
2026-01-03 19:35:00,39707200616
2026-01-03 19:40:00,37731019139
2026-01-03 19:45:00,35479186123
2026-01-03 19:50:00,36043304187
2026-01-03 19:55:00,37748437506
2026-01-03 20:00:00,47447327003
2026-01-03 20:05:00,48417666013
2026-01-03 20:10:00,45750228667
2026-01-03 20:15:00,44055453896
2026-01-03 20:20:00,41732315677
2026-01-03 20:25:00,37834073029
2026-01-03 20:30:00,37927520829
2026-01-03 20:35:00,36732065394
2026-01-03 20:40:00,38788015826
2026-01-03 20:45:00,36930326667
2026-01-03 20:50:00,37252348626
2026-01-03 20:55:00,40581134234
2026-01-03 21:00:00,34002100218
2026-01-03 21:05:00,36560435288
2026-01-03 21:10:00,40763476330
2026-01-03 21:15:00,43892828198
2026-01-03 21:20:00,39250690715
2026-01-03 21:25:00,34987295848
2026-01-03 21:30:00,41305169888
2026-01-03 21:35:00,32626489026
2026-01-03 21:40:00,33032795603
2026-01-03 21:45:00,36814762344
2026-01-03 21:50:00,30313387595
2026-01-03 21:55:00,33902771890
2026-01-03 22:00:00,32446930674
2026-01-03 22:05:00,32557741925
2026-01-03 22:10:00,28691795882
2026-01-03 22:15:00,29787145016
2026-01-03 22:20:00,30034537150
2026-01-03 22:25:00,29745823526
2026-01-03 22:30:00,28061986787
2026-01-03 22:35:00,29431090773
2026-01-03 22:40:00,27099549090
2026-01-03 22:45:00,26154553957
2026-01-03 22:50:00,22217141296
2026-01-03 22:55:00,22141010701
2026-01-03 23:00:00,22545170715
2026-01-03 23:05:00,24097076179
2026-01-03 23:10:00,20974410269
2026-01-03 23:15:00,21685210582
2026-01-03 23:20:00,21774568941
2026-01-03 23:25:00,21826733774
2026-01-03 23:30:00,19793881654
2026-01-03 23:35:00,21065320776
2026-01-03 23:40:00,21266728813
2026-01-03 23:45:00,18990262432
2026-01-03 23:50:00,22915347280
2026-01-03 23:55:00,21022632544
2026-01-04 00:00:00,38208668667
2026-01-04 00:05:00,42390145469
2026-01-04 00:10:00,39401416472
2026-01-04 00:15:00,56618979162
2026-01-04 00:20:00,61701253638
2026-01-04 00:25:00,25474933354
2026-01-04 00:30:00,12686019091
2026-01-04 00:35:00,28856265926
2026-01-04 00:40:00,40322123749
2026-01-04 00:45:00,58615479021
2026-01-04 00:50:00,58181635216
2026-01-04 00:55:00,57196133877
2026-01-04 01:00:00,58452570758
2026-01-04 01:05:00,52296188437
2026-01-04 01:10:00,60582411434
2026-01-04 01:15:00,59054757416
2026-01-04 01:20:00,52255745165
2026-01-04 01:25:00,47207241307
2026-01-04 01:30:00,38475405899
2026-01-04 01:35:00,38638267930
2026-01-04 01:40:00,41076016107
2026-01-04 01:45:00,33345562486
2026-01-04 01:50:00,29630569184
2026-01-04 01:55:00,24538126850
2026-01-04 02:00:00,18787719875
2026-01-04 02:05:00,21505773867
2026-01-04 02:10:00,24352387550
2026-01-04 02:15:00,24992114064
2026-01-04 02:20:00,24628045346
2026-01-04 02:25:00,26499506070
2026-01-04 02:30:00,27129326512
2026-01-04 02:35:00,28295056558
2026-01-04 02:40:00,28556324744
2026-01-04 02:45:00,28698142224
2026-01-04 02:50:00,28873361565
2026-01-04 02:55:00,28072981723
2026-01-04 03:00:00,26977544786
2026-01-04 03:05:00,26105052310
2026-01-04 03:10:00,21197050342
2026-01-04 03:15:00,22007802630
2026-01-04 03:20:00,23278056229
2026-01-04 03:25:00,25568914859
2026-01-04 03:30:00,23805228947
2026-01-04 03:35:00,22491637259
2026-01-04 03:40:00,28360805453
2026-01-04 03:45:00,24012953496
2026-01-04 03:50:00,26347397402
2026-01-04 03:55:00,24334685274
2026-01-04 04:00:00,24521164408
2026-01-04 04:05:00,25247393158
2026-01-04 04:10:00,24309245878
2026-01-04 04:15:00,23802278984
2026-01-04 04:20:00,23026520674
2026-01-04 04:25:00,24063680283
2026-01-04 04:30:00,22925755712
2026-01-04 04:35:00,22248631350
2026-01-04 04:40:00,22107492882
2026-01-04 04:45:00,22576050166
2026-01-04 04:50:00,26041363029
2026-01-04 04:55:00,27718881250
2026-01-04 05:00:00,27591210566
2026-01-04 05:05:00,33243677626
2026-01-04 05:10:00,33823430422
2026-01-04 05:15:00,33709171216
2026-01-04 05:20:00,34428796656
2026-01-04 05:25:00,33910395219
2026-01-04 05:30:00,27357143928
2026-01-04 05:35:00,23876126238
2026-01-04 05:40:00,20539825734
2026-01-04 05:45:00,20683581050
2026-01-04 05:50:00,20583062115
2026-01-04 05:55:00,25008317462
2026-01-04 06:00:00,29873071363
2026-01-04 06:05:00,35513358248
2026-01-04 06:10:00,40914181307
2026-01-04 06:15:00,37748689765
2026-01-04 06:20:00,32779839682
2026-01-04 06:25:00,37024727634
2026-01-04 06:30:00,37885910906
2026-01-04 06:35:00,42951567939
2026-01-04 06:40:00,39798468654
2026-01-04 06:45:00,41701446138
2026-01-04 06:50:00,46403468138
2026-01-04 06:55:00,46981169962
2026-01-04 07:00:00,54634134174
2026-01-04 07:05:00,57720664325
2026-01-04 07:10:00,57837582326
2026-01-04 07:15:00,54546344682
2026-01-04 07:20:00,58672051283
2026-01-04 07:25:00,55505313083
2026-01-04 07:30:00,53915476325
2026-01-04 07:35:00,53970940509
2026-01-04 07:40:00,56220809736
2026-01-04 07:45:00,55811525686
2026-01-04 07:50:00,52704028778
2026-01-04 07:55:00,50872257973
2026-01-04 08:00:00,51344648811
2026-01-04 08:05:00,51281458501
2026-01-04 08:10:00,54049395360
2026-01-04 08:15:00,58082181829
2026-01-04 08:20:00,57106157082
2026-01-04 08:25:00,53674866315
2026-01-04 08:30:00,51398249738
2026-01-04 08:35:00,52112201317
2026-01-04 08:40:00,52334830014
2026-01-04 08:45:00,53538248850
2026-01-04 08:50:00,51232214899
2026-01-04 08:55:00,51638093619
2026-01-04 09:00:00,56236945886
2026-01-04 09:05:00,49128326550
2026-01-04 09:10:00,53879815899
2026-01-04 09:15:00,53359965486
2026-01-04 09:20:00,54207924770
2026-01-04 09:25:00,53911389645
2026-01-04 09:30:00,56410502770
2026-01-04 09:35:00,55585308344
2026-01-04 09:40:00,52716960434
2026-01-04 09:45:00,54096035248
2026-01-04 09:50:00,58795677768
2026-01-04 09:55:00,54430091326
2026-01-04 10:00:00,56315104949
2026-01-04 10:05:00,49924001781
2026-01-04 10:10:00,52690496416
2026-01-04 10:15:00,56030336342
2026-01-04 10:20:00,49401967979
2026-01-04 10:25:00,52176435110
2026-01-04 10:30:00,51187238459
2026-01-04 10:35:00,52383256755
2026-01-04 10:40:00,32184030008
2026-01-04 10:45:00,35467708434
2026-01-04 10:50:00,59922776685
2026-01-04 10:55:00,53837497674
2026-01-04 11:00:00,47679501962
2026-01-04 11:05:00,47191620989
2026-01-04 11:10:00,49401938792
2026-01-04 11:15:00,44559147355
2026-01-04 11:20:00,49495499680
2026-01-04 11:25:00,47581501450
2026-01-04 11:30:00,48399265136
2026-01-04 11:35:00,46407720494
2026-01-04 11:40:00,49599347891
2026-01-04 11:45:00,45235971998
2026-01-04 11:50:00,51861209147
2026-01-04 11:55:00,54445188590
2026-01-04 12:00:00,55162176365
2026-01-04 12:05:00,56758282710
2026-01-04 12:10:00,54187959739
2026-01-04 12:15:00,49423844459
2026-01-04 12:20:00,53199254755
2026-01-04 12:25:00,50205268326
2026-01-04 12:30:00,55274013534
2026-01-04 12:35:00,56882998690
2026-01-04 12:40:00,55132525566
2026-01-04 12:45:00,49666089574
2026-01-04 12:50:00,47809852475
2026-01-04 12:55:00,46106956202
2026-01-04 13:00:00,42175630498
2026-01-04 13:05:00,42442682885
2026-01-04 13:10:00,45031252654
2026-01-04 13:15:00,40199119818
2026-01-04 13:20:00,38682640189
2026-01-04 13:25:00,37299829083
2026-01-04 13:30:00,36401947330
2026-01-04 13:35:00,36741306398
2026-01-04 13:40:00,41607689643
2026-01-04 13:45:00,50396840133
2026-01-04 13:50:00,49507034907
2026-01-04 13:55:00,47150803984
2026-01-04 14:00:00,46627682243
2026-01-04 14:05:00,49012384170
2026-01-04 14:10:00,50407375429
2026-01-04 14:15:00,48147397853
2026-01-04 14:20:00,42861286814
2026-01-04 14:25:00,46788878650
2026-01-04 14:30:00,48491636632
2026-01-04 14:35:00,48800243091
2026-01-04 14:40:00,48090122586
2026-01-04 14:45:00,48226514530
2026-01-04 14:50:00,47654160035
2026-01-04 14:55:00,44723312603
2026-01-04 15:00:00,43845968690
2026-01-04 15:05:00,41956794277
2026-01-04 15:10:00,38501212416
2026-01-04 15:15:00,37493733346
2026-01-04 15:20:00,41321001219
2026-01-04 15:25:00,40230692254
2026-01-04 15:30:00,38185239136
2026-01-04 15:35:00,42230377197
2026-01-04 15:40:00,34093024184
2026-01-04 15:45:00,31622367075
2026-01-04 15:50:00,33957650154
2026-01-04 15:55:00,29755347267
2026-01-04 16:00:00,31373781194
2026-01-04 16:05:00,32067104302
2026-01-04 16:10:00,36401329811
2026-01-04 16:15:00,35158086200
2026-01-04 16:20:00,32921376614
2026-01-04 16:25:00,33702789578
2026-01-04 16:30:00,35944636285
2026-01-04 16:35:00,41806044693
2026-01-04 16:40:00,38339462493
2026-01-04 16:45:00,40540898998
2026-01-04 16:50:00,39139236754
2026-01-04 16:55:00,41614235434
2026-01-04 17:00:00,38988898466
2026-01-04 17:05:00,40909957325
2026-01-04 17:10:00,38938447693
2026-01-04 17:15:00,39806703474
2026-01-04 17:20:00,35829441856
2026-01-04 17:25:00,35724687344
2026-01-04 17:30:00,37598004022
2026-01-04 17:35:00,40815330936
2026-01-04 17:40:00,41212778162
2026-01-04 17:45:00,62565285299
2026-01-04 17:50:00,47140145757
2026-01-04 17:55:00,47157780342
2026-01-04 18:00:00,50386543299
2026-01-04 18:05:00,33667728973
2026-01-04 18:10:00,34128031422
2026-01-04 18:15:00,56164111643
2026-01-04 18:20:00,51856224286
2026-01-04 18:25:00,48370345904
2026-01-04 18:30:00,47981479032
2026-01-04 18:35:00,49856278909
2026-01-04 18:40:00,49273111840
2026-01-04 18:45:00,45886793179
2026-01-04 18:50:00,50672864056
2026-01-04 18:55:00,46830626038
2026-01-04 19:00:00,39914939992
2026-01-04 19:05:00,46058328338
2026-01-04 19:10:00,46748380778
2026-01-04 19:15:00,45924793354
2026-01-04 19:20:00,43427589416
2026-01-04 19:25:00,42836572899
2026-01-04 19:30:00,43999857758
2026-01-04 19:35:00,44450075330
2026-01-04 19:40:00,49117940467
2026-01-04 19:45:00,42429526560
2026-01-04 19:50:00,40296889254
2026-01-04 19:55:00,46564586021
2026-01-04 20:00:00,45204811446
2026-01-04 20:05:00,47420714922
2026-01-04 20:10:00,43528364990
2026-01-04 20:15:00,46699615130
2026-01-04 20:20:00,45434615582
2026-01-04 20:25:00,38654883920
2026-01-04 20:30:00,36789466298
2026-01-04 20:35:00,39928514029
2026-01-04 20:40:00,37116252635
2026-01-04 20:45:00,37852837851
2026-01-04 20:50:00,38708852078
2026-01-04 20:55:00,40012303382
2026-01-04 21:00:00,38295469278
2026-01-04 21:05:00,39026131184
2026-01-04 21:10:00,37697601038
2026-01-04 21:15:00,36519073931
2026-01-04 21:20:00,35163162560
2026-01-04 21:25:00,33835466925
2026-01-04 21:30:00,31977045365
2026-01-04 21:35:00,33065931098
2026-01-04 21:40:00,35456692474
2026-01-04 21:45:00,29752264926
2026-01-04 21:50:00,34159853688
2026-01-04 21:55:00,32099823866
2026-01-04 22:00:00,29758557008
2026-01-04 22:05:00,29414033926
2026-01-04 22:10:00,28333131210
2026-01-04 22:15:00,28089711133
2026-01-04 22:20:00,30430660274
2026-01-04 22:25:00,28537800014
2026-01-04 22:30:00,28769715853
2026-01-04 22:35:00,26240896067
2026-01-04 22:40:00,22131347952
2026-01-04 22:45:00,23646325592
2026-01-04 22:50:00,21930471158
2026-01-04 22:55:00,24895448715
2026-01-04 23:00:00,23781547499
2026-01-04 23:05:00,22860658114
2026-01-04 23:10:00,22889209360
2026-01-04 23:15:00,20921851571
2026-01-04 23:20:00,18998536050
2026-01-04 23:25:00,18294751747
2026-01-04 23:30:00,17240033869
2026-01-04 23:35:00,23157293730
2026-01-04 23:40:00,22739804027
2026-01-04 23:45:00,20573396258
2026-01-04 23:50:00,19557972842
2026-01-04 23:55:00,24746121342
2026-01-05 00:00:00,43962480915
2026-01-05 00:05:00,51890358718
2026-01-05 00:10:00,47182578765
2026-01-05 00:15:00,41947186261
2026-01-05 00:20:00,37182669283
2026-01-05 00:25:00,41145918984
2026-01-05 00:30:00,48035170498
2026-01-05 00:35:00,46092913358
2026-01-05 00:40:00,56555666858
2026-01-05 00:45:00,60406787494
2026-01-05 00:50:00,48354512830
2026-01-05 00:55:00,30616234216
2026-01-05 01:00:00,40827191539
2026-01-05 01:05:00,52861808254
2026-01-05 01:10:00,43055344160
2026-01-05 01:15:00,53211621430
2026-01-05 01:20:00,57581286530
2026-01-05 01:25:00,44892787072
2026-01-05 01:30:00,43252135669
2026-01-05 01:35:00,36887383883
2026-01-05 01:40:00,33151052176
2026-01-05 01:45:00,26365484222
2026-01-05 01:50:00,22451960960
2026-01-05 01:55:00,20904266579
2026-01-05 02:00:00,21825839030
2026-01-05 02:05:00,31340336266
2026-01-05 02:10:00,29038232552
2026-01-05 02:15:00,33323076301
2026-01-05 02:20:00,35329441010
2026-01-05 02:25:00,39216220056
2026-01-05 02:30:00,38251816194
2026-01-05 02:35:00,34778292600
2026-01-05 02:40:00,36215028829
2026-01-05 02:45:00,36869539402
2026-01-05 02:50:00,37873078875
2026-01-05 02:55:00,40665285811
2026-01-05 03:00:00,43067981821
2026-01-05 03:05:00,43298499491
2026-01-05 03:10:00,44217962198
2026-01-05 03:15:00,42203609726
2026-01-05 03:20:00,39586127288
2026-01-05 03:25:00,39956573138
2026-01-05 03:30:00,38571684614
2026-01-05 03:35:00,38167857619
2026-01-05 03:40:00,34819702693
2026-01-05 03:45:00,35127550005
2026-01-05 03:50:00,34923852179
2026-01-05 03:55:00,34901828381
2026-01-05 04:00:00,38647004045
2026-01-05 04:05:00,35071769518
2026-01-05 04:10:00,30544376491
2026-01-05 04:15:00,31716562338
2026-01-05 04:20:00,32551350078
2026-01-05 04:25:00,32068525139
2026-01-05 04:30:00,35250589859
2026-01-05 04:35:00,36947157909
2026-01-05 04:40:00,35042443814
2026-01-05 04:45:00,33962812646
2026-01-05 04:50:00,34358886402
2026-01-05 04:55:00,34262859086
2026-01-05 05:00:00,37994252398
2026-01-05 05:05:00,31910245883
2026-01-05 05:10:00,30525204965
2026-01-05 05:15:00,30330669258
2026-01-05 05:20:00,31279837688
2026-01-05 05:25:00,23997385726
2026-01-05 05:30:00,21595043203
2026-01-05 05:35:00,20766938803
2026-01-05 05:40:00,23516163226
2026-01-05 05:45:00,22674789651
2026-01-05 05:50:00,25822846413
2026-01-05 05:55:00,27588196798
2026-01-05 06:00:00,26383450291
2026-01-05 06:05:00,33201467270
2026-01-05 06:10:00,31075599437
2026-01-05 06:15:00,33761054179
2026-01-05 06:20:00,33792524629
2026-01-05 06:25:00,37810985363
2026-01-05 06:30:00,46635863850
2026-01-05 06:35:00,49671930574
2026-01-05 06:40:00,48222423360
2026-01-05 06:45:00,46721417928
2026-01-05 06:50:00,48956645720
2026-01-05 06:55:00,46860346966
2026-01-05 07:00:00,51600710981
2026-01-05 07:05:00,57343605421
2026-01-05 07:10:00,51888597061
2026-01-05 07:15:00,55211627086
2026-01-05 07:20:00,53978318742
2026-01-05 07:25:00,50293948302
2026-01-05 07:30:00,52394971152
2026-01-05 07:35:00,52863575013
2026-01-05 07:40:00,52358896419
2026-01-05 07:45:00,48641887875
2026-01-05 07:50:00,50035878168
2026-01-05 07:55:00,51531331141
2026-01-05 08:00:00,51412172773
2026-01-05 08:05:00,48825630178
2026-01-05 08:10:00,47300119488
2026-01-05 08:15:00,52133603966
2026-01-05 08:20:00,48633124886
2026-01-05 08:25:00,52398489094
2026-01-05 08:30:00,42820997163
2026-01-05 08:35:00,45423003432
2026-01-05 08:40:00,46314681413
2026-01-05 08:45:00,44692938635
2026-01-05 08:50:00,47953425162
2026-01-05 08:55:00,51839612200
2026-01-05 09:00:00,52747414003
2026-01-05 09:05:00,51528144795
2026-01-05 09:10:00,54330304259
2026-01-05 09:15:00,49457081878
2026-01-05 09:20:00,47610267907
2026-01-05 09:25:00,57727536515
2026-01-05 09:30:00,50280200250
2026-01-05 09:35:00,48902800163
2026-01-05 09:40:00,52985487451
2026-01-05 09:45:00,48445569541
2026-01-05 09:50:00,50701541874
2026-01-05 09:55:00,49588336006
2026-01-05 10:00:00,50324074733
2026-01-05 10:05:00,50214956048
2026-01-05 10:10:00,52394740125
2026-01-05 10:15:00,51485789755
2026-01-05 10:20:00,46730435648
2026-01-05 10:25:00,51693612677
2026-01-05 10:30:00,52268157662
2026-01-05 10:35:00,54325849181
2026-01-05 10:40:00,51442275056
2026-01-05 10:45:00,52049612779
2026-01-05 10:50:00,44043974978
2026-01-05 10:55:00,44718026565
2026-01-05 11:00:00,48861792678
2026-01-05 11:05:00,45833993355
2026-01-05 11:10:00,48388682523
2026-01-05 11:15:00,49020260909
2026-01-05 11:20:00,54490950963
2026-01-05 11:25:00,52190154243
2026-01-05 11:30:00,55887473258
2026-01-05 11:35:00,47765530501
2026-01-05 11:40:00,51707758830
2026-01-05 11:45:00,51718840578
2026-01-05 11:50:00,52077154883
2026-01-05 11:55:00,53368129350
2026-01-05 12:00:00,53070910654
2026-01-05 12:05:00,58738590939
2026-01-05 12:10:00,53115301979
2026-01-05 12:15:00,53631396838
2026-01-05 12:20:00,59734034995
2026-01-05 12:25:00,53993700590
2026-01-05 12:30:00,55516802053
2026-01-05 12:35:00,57657476325
2026-01-05 12:40:00,55547903826
2026-01-05 12:45:00,51416211357
2026-01-05 12:50:00,48416650616
2026-01-05 12:55:00,48016509456
2026-01-05 13:00:00,44949822909
2026-01-05 13:05:00,42910833000
2026-01-05 13:10:00,42032179206
2026-01-05 13:15:00,42251753506
2026-01-05 13:20:00,42305810466
2026-01-05 13:25:00,41617996307
2026-01-05 13:30:00,41587532709
2026-01-05 13:35:00,39637208434
2026-01-05 13:40:00,39048438600
2026-01-05 13:45:00,34199670578
2026-01-05 13:50:00,39164695624
2026-01-05 13:55:00,40216323050
2026-01-05 14:00:00,38634330483
2026-01-05 14:05:00,39226311877
2026-01-05 14:10:00,48891296878
2026-01-05 14:15:00,50460277360
2026-01-05 14:20:00,51666970230
2026-01-05 14:25:00,51842818054
2026-01-05 14:30:00,51286029816
2026-01-05 14:35:00,46347963766
2026-01-05 14:40:00,46638019539
2026-01-05 14:45:00,49233126538
2026-01-05 14:50:00,51214007430
2026-01-05 14:55:00,48184854040
2026-01-05 15:00:00,46032236139
2026-01-05 15:05:00,39886170858
2026-01-05 15:10:00,42812486280
2026-01-05 15:15:00,41763873610
2026-01-05 15:20:00,40945325762
2026-01-05 15:25:00,43270463594
2026-01-05 15:30:00,40320733030
2026-01-05 15:35:00,41876194746
2026-01-05 15:40:00,39929804426
2026-01-05 15:45:00,42704746630
2026-01-05 15:50:00,43040855912
2026-01-05 15:55:00,39533648485
2026-01-05 16:00:00,45280345534
2026-01-05 16:05:00,42510587898
2026-01-05 16:10:00,41623259075
2026-01-05 16:15:00,39647638514
2026-01-05 16:20:00,39452432762
2026-01-05 16:25:00,37353040669
2026-01-05 16:30:00,41751299179
2026-01-05 16:35:00,40388621664
2026-01-05 16:40:00,37531066227
2026-01-05 16:45:00,42448121478
2026-01-05 16:50:00,45104720925
2026-01-05 16:55:00,36478625858
2026-01-05 17:00:00,36134873144
2026-01-05 17:05:00,40068772794
2026-01-05 17:10:00,47496615864
2026-01-05 17:15:00,53764630734
2026-01-05 17:20:00,50028207707
2026-01-05 17:25:00,45602864091
2026-01-05 17:30:00,50077131714
2026-01-05 17:35:00,50098761899
2026-01-05 17:40:00,34576289998
2026-01-05 17:45:00,38613755427
2026-01-05 17:50:00,46372101886
2026-01-05 17:55:00,46754497373
2026-01-05 18:00:00,30770071440
2026-01-05 18:05:00,32297386347
2026-01-05 18:10:00,32304416158
2026-01-05 18:15:00,31097842739
2026-01-05 18:20:00,37164857427
2026-01-05 18:25:00,32187286840
2026-01-05 18:30:00,37156893802
2026-01-05 18:35:00,32475393477
2026-01-05 18:40:00,33182952648
2026-01-05 18:45:00,28177058003
2026-01-05 18:50:00,31976561894
2026-01-05 18:55:00,39438895869
2026-01-05 19:00:00,46507658784
2026-01-05 19:05:00,36031299560
2026-01-05 19:10:00,41683459981
2026-01-05 19:15:00,38794788296
2026-01-05 19:20:00,46209044878
2026-01-05 19:25:00,42885839733
2026-01-05 19:30:00,46276340445
2026-01-05 19:35:00,46010435019
2026-01-05 19:40:00,43214417587
2026-01-05 19:45:00,44858595638
2026-01-05 19:50:00,37062311936
2026-01-05 19:55:00,39223301726
2026-01-05 20:00:00,40087990142
2026-01-05 20:05:00,36071142696
2026-01-05 20:10:00,26941533784
2026-01-05 20:15:00,41598243605
2026-01-05 20:20:00,42237068362
2026-01-05 20:25:00,39211303091
2026-01-05 20:30:00,38753901933
2026-01-05 20:35:00,43637266786
2026-01-05 20:40:00,41732678722
2026-01-05 20:45:00,35277128435
2026-01-05 20:50:00,40437906266
2026-01-05 20:55:00,38384561117
2026-01-05 21:00:00,39699241251
2026-01-05 21:05:00,38605029216
2026-01-05 21:10:00,43928532083
2026-01-05 21:15:00,45553213206
2026-01-05 21:20:00,43264918043
2026-01-05 21:25:00,38851324363
2026-01-05 21:30:00,42238774358
2026-01-05 21:35:00,43400172010
2026-01-05 21:40:00,41792401362
2026-01-05 21:45:00,40551985147
2026-01-05 21:50:00,34367777461
2026-01-05 21:55:00,33549220819
2026-01-05 22:00:00,32753205323
2026-01-05 22:05:00,39533725909
2026-01-05 22:10:00,36444243152
2026-01-05 22:15:00,35187267605
2026-01-05 22:20:00,31309956858
2026-01-05 22:25:00,31870065174
2026-01-05 22:30:00,31614461998
2026-01-05 22:35:00,31614586109
2026-01-05 22:40:00,28384679064
2026-01-05 22:45:00,28125670290
2026-01-05 22:50:00,26512471298
2026-01-05 22:55:00,28651970696
2026-01-05 23:00:00,27645710440
2026-01-05 23:05:00,21581331446
2026-01-05 23:10:00,22581806594
2026-01-05 23:15:00,20709570358
2026-01-05 23:20:00,22833070558
2026-01-05 23:25:00,20525569299
2026-01-05 23:30:00,19236283595
2026-01-05 23:35:00,19954890949
2026-01-05 23:40:00,21435906734
2026-01-05 23:45:00,18770617925
2026-01-05 23:50:00,19675606941
2026-01-05 23:55:00,23802653613
2026-01-06 00:00:00,44132391352
2026-01-06 00:05:00,49428595304
2026-01-06 00:10:00,50111537813
2026-01-06 00:15:00,39498422149
2026-01-06 00:20:00,39046060880
2026-01-06 00:25:00,42730777958
2026-01-06 00:30:00,49964525035
2026-01-06 00:35:00,46201617254
2026-01-06 00:40:00,56129197403
2026-01-06 00:45:00,40244672896
2026-01-06 00:50:00,51868139186
2026-01-06 00:55:00,39679441392
2026-01-06 01:00:00,44031593614
2026-01-06 01:05:00,42039726958
2026-01-06 01:10:00,45531485394
2026-01-06 01:15:00,43870103832
2026-01-06 01:20:00,41079936250
2026-01-06 01:25:00,35206041998
2026-01-06 01:30:00,32883488643
2026-01-06 01:35:00,33728299693
2026-01-06 01:40:00,32518195707
2026-01-06 01:45:00,32467908395
2026-01-06 01:50:00,27794008434
2026-01-06 01:55:00,26319125754
2026-01-06 02:00:00,29278567582
2026-01-06 02:05:00,31318528723
2026-01-06 02:10:00,33392364990
2026-01-06 02:15:00,32478277730
2026-01-06 02:20:00,34167825099
2026-01-06 02:25:00,36552578066
2026-01-06 02:30:00,33565407963
2026-01-06 02:35:00,30776226154
2026-01-06 02:40:00,31683772296
2026-01-06 02:45:00,31020868894
2026-01-06 02:50:00,31140773579
2026-01-06 02:55:00,31162621094
2026-01-06 03:00:00,32970572490
2026-01-06 03:05:00,30217946488
2026-01-06 03:10:00,29036740691
2026-01-06 03:15:00,27980144536
2026-01-06 03:20:00,26242664982
2026-01-06 03:25:00,21883505762
2026-01-06 03:30:00,21583835397
2026-01-06 03:35:00,20991190432
2026-01-06 03:40:00,21070910234
2026-01-06 03:45:00,22589214934
2026-01-06 03:50:00,21931996149
2026-01-06 03:55:00,20995557933
2026-01-06 04:00:00,20338543917
2026-01-06 04:05:00,20739565645
2026-01-06 04:10:00,21946616723
2026-01-06 04:15:00,21731242043
2026-01-06 04:20:00,19983287693
2026-01-06 04:25:00,20007297149
2026-01-06 04:30:00,21216495176
2026-01-06 04:35:00,24289457997
2026-01-06 04:40:00,26058711810
2026-01-06 04:45:00,28514632072
2026-01-06 04:50:00,29981241182
2026-01-06 04:55:00,31926451672
2026-01-06 05:00:00,33706437093
2026-01-06 05:05:00,32430820496
2026-01-06 05:10:00,33110488942
2026-01-06 05:15:00,35259181674
2026-01-06 05:20:00,36032463952
2026-01-06 05:25:00,25461448456
2026-01-06 05:30:00,25034265325
2026-01-06 05:35:00,22021635981
2026-01-06 05:40:00,21469823803
2026-01-06 05:45:00,27035815704
2026-01-06 05:50:00,21886021778
2026-01-06 05:55:00,22137095152
2026-01-06 06:00:00,38844463062
2026-01-06 06:05:00,43615886568
2026-01-06 06:10:00,36096158675
2026-01-06 06:15:00,33288840952
2026-01-06 06:20:00,36384261798
2026-01-06 06:25:00,39679470136
2026-01-06 06:30:00,46396027888
2026-01-06 06:35:00,45822283539
2026-01-06 06:40:00,46173846046
2026-01-06 06:45:00,43480733562
2026-01-06 06:50:00,44739414202
2026-01-06 06:55:00,46380281349
2026-01-06 07:00:00,52133015722
2026-01-06 07:05:00,55793884229
2026-01-06 07:10:00,52016052598
2026-01-06 07:15:00,49661733672
2026-01-06 07:20:00,50624118726
2026-01-06 07:25:00,49869429781
2026-01-06 07:30:00,52826419259
2026-01-06 07:35:00,51511054754
2026-01-06 07:40:00,51541012667
2026-01-06 07:45:00,52751702502
2026-01-06 07:50:00,52664406064
2026-01-06 07:55:00,47811397642
2026-01-06 08:00:00,49705917067
2026-01-06 08:05:00,47694359314
2026-01-06 08:10:00,54678829768
2026-01-06 08:15:00,47705168989
2026-01-06 08:20:00,50124691779
2026-01-06 08:25:00,46234311926
2026-01-06 08:30:00,46349794936
2026-01-06 08:35:00,48874346136
2026-01-06 08:40:00,49571681170
2026-01-06 08:45:00,55037474910
2026-01-06 08:50:00,49104572114
2026-01-06 08:55:00,49580812891
2026-01-06 09:00:00,48132054334
2026-01-06 09:05:00,51282426387
2026-01-06 09:10:00,51051030587
2026-01-06 09:15:00,51243594642
2026-01-06 09:20:00,54090305600
2026-01-06 09:25:00,53973320123
2026-01-06 09:30:00,50939478501
2026-01-06 09:35:00,49786041014
2026-01-06 09:40:00,52853844682
2026-01-06 09:45:00,49956644362
2026-01-06 09:50:00,50716698398
2026-01-06 09:55:00,53390568811
2026-01-06 10:00:00,57802597605
2026-01-06 10:05:00,56166467350
2026-01-06 10:10:00,52883035386
2026-01-06 10:15:00,49687236142
2026-01-06 10:20:00,47368812725
2026-01-06 10:25:00,50946382640
2026-01-06 10:30:00,55557418510
2026-01-06 10:35:00,49767055098
2026-01-06 10:40:00,54829193974
2026-01-06 10:45:00,52683131994
2026-01-06 10:50:00,50700790366
2026-01-06 10:55:00,49784527469
2026-01-06 11:00:00,51191513227
2026-01-06 11:05:00,49621035133
2026-01-06 11:10:00,48546838424
2026-01-06 11:15:00,51112340310
2026-01-06 11:20:00,54195924474
2026-01-06 11:25:00,49840366069
2026-01-06 11:30:00,53067720325
2026-01-06 11:35:00,47316108880
2026-01-06 11:40:00,50966150950
2026-01-06 11:45:00,50612272789
2026-01-06 11:50:00,49105502163
2026-01-06 11:55:00,51934873352
2026-01-06 12:00:00,47927929526
2026-01-06 12:05:00,49412401138
2026-01-06 12:10:00,46681888218
2026-01-06 12:15:00,50261794798
2026-01-06 12:20:00,54363424021
2026-01-06 12:25:00,51134917090
2026-01-06 12:30:00,55465609467
2026-01-06 12:35:00,56684278208
2026-01-06 12:40:00,50766077109
2026-01-06 12:45:00,49480876944
2026-01-06 12:50:00,46864911661
2026-01-06 12:55:00,43159575627
2026-01-06 13:00:00,42608265430
2026-01-06 13:05:00,40896180155
2026-01-06 13:10:00,40399893067
2026-01-06 13:15:00,40384816546
2026-01-06 13:20:00,36274738154
2026-01-06 13:25:00,35429231659
2026-01-06 13:30:00,34267158090
2026-01-06 13:35:00,37888525370
2026-01-06 13:40:00,46727605317
2026-01-06 13:45:00,48536023792
2026-01-06 13:50:00,47509096814
2026-01-06 13:55:00,43650007931
2026-01-06 14:00:00,45035096786
2026-01-06 14:05:00,45564191594
2026-01-06 14:10:00,43439243739
2026-01-06 14:15:00,45738283005
2026-01-06 14:20:00,42884305982
2026-01-06 14:25:00,41208765611
2026-01-06 14:30:00,37835436987
2026-01-06 14:35:00,42803284298
2026-01-06 14:40:00,45303943539
2026-01-06 14:45:00,40257211003
2026-01-06 14:50:00,37183839294
2026-01-06 14:55:00,35422825099
2026-01-06 15:00:00,42124602650
2026-01-06 15:05:00,38683585350
2026-01-06 15:10:00,32732563083
2026-01-06 15:15:00,38666779730
2026-01-06 15:20:00,37638424062
2026-01-06 15:25:00,32985291374
2026-01-06 15:30:00,33015144346
2026-01-06 15:35:00,35170959040
2026-01-06 15:40:00,32785089072
2026-01-06 15:45:00,31527670514
2026-01-06 15:50:00,31262223045
2026-01-06 15:55:00,31829716981
2026-01-06 16:00:00,35912467792
2026-01-06 16:05:00,30264629579
2026-01-06 16:10:00,27985300274
2026-01-06 16:15:00,35259616067
2026-01-06 16:20:00,33274552024
2026-01-06 16:25:00,29297367829
2026-01-06 16:30:00,37201467206
2026-01-06 16:35:00,34616049688
2026-01-06 16:40:00,31912382725
2026-01-06 16:45:00,36445520192
2026-01-06 16:50:00,37006065386
2026-01-06 16:55:00,38298626486
2026-01-06 17:00:00,37254634931
2026-01-06 17:05:00,40043411957
2026-01-06 17:10:00,45785343363
2026-01-06 17:15:00,39854174011
2026-01-06 17:20:00,43821060808
2026-01-06 17:25:00,36139865090
2026-01-06 17:30:00,37338443635
2026-01-06 17:35:00,43021837270
2026-01-06 17:40:00,44214946907
2026-01-06 17:45:00,43178037078
2026-01-06 17:50:00,43444927704
2026-01-06 17:55:00,46625337202
2026-01-06 18:00:00,46831489403
2026-01-06 18:05:00,48881149616
2026-01-06 18:10:00,47633074278
2026-01-06 18:15:00,51206539926
2026-01-06 18:20:00,46023045510
2026-01-06 18:25:00,48331379418
2026-01-06 18:30:00,47259086558
2026-01-06 18:35:00,49044933083
2026-01-06 18:40:00,50649260632
2026-01-06 18:45:00,44030791523
2026-01-06 18:50:00,45359451016
2026-01-06 18:55:00,48631589194
2026-01-06 19:00:00,45723088077
2026-01-06 19:05:00,48544330838
2026-01-06 19:10:00,44109698138
2026-01-06 19:15:00,41752194670
2026-01-06 19:20:00,40631312235
2026-01-06 19:25:00,43701215888
2026-01-06 19:30:00,38479095702
2026-01-06 19:35:00,35954922811
2026-01-06 19:40:00,41907562006
2026-01-06 19:45:00,38719413381
2026-01-06 19:50:00,36953408216
2026-01-06 19:55:00,42809970277
2026-01-06 20:00:00,43329382822
2026-01-06 20:05:00,47246590614
2026-01-06 20:10:00,44082980602
2026-01-06 20:15:00,41669271893
2026-01-06 20:20:00,43355616066
2026-01-06 20:25:00,42401504771
2026-01-06 20:30:00,35010906901
2026-01-06 20:35:00,41320141091
2026-01-06 20:40:00,41780082946
2026-01-06 20:45:00,43742271786
2026-01-06 20:50:00,40325647306
2026-01-06 20:55:00,37455028589
2026-01-06 21:00:00,44733148862
2026-01-06 21:05:00,40843007475
2026-01-06 21:10:00,42709355482
2026-01-06 21:15:00,39109978486
2026-01-06 21:20:00,42182985094
2026-01-06 21:25:00,38583916317
2026-01-06 21:30:00,38329585819
2026-01-06 21:35:00,37446637370
2026-01-06 21:40:00,37407976643
2026-01-06 21:45:00,38467831317
2026-01-06 21:50:00,35968407261
2026-01-06 21:55:00,32620026834
2026-01-06 22:00:00,36408755702
2026-01-06 22:05:00,33902816403
2026-01-06 22:10:00,31894547704
2026-01-06 22:15:00,28105135880
2026-01-06 22:20:00,33270079134
2026-01-06 22:25:00,30316819083
2026-01-06 22:30:00,25064899918
2026-01-06 22:35:00,24485948558
2026-01-06 22:40:00,26913652237
2026-01-06 22:45:00,23315728080
2026-01-06 22:50:00,24016138302
2026-01-06 22:55:00,27692839496
2026-01-06 23:00:00,26669142435
2026-01-06 23:05:00,22842731496
2026-01-06 23:10:00,23133123576
2026-01-06 23:15:00,25265592770
2026-01-06 23:20:00,22440505035
2026-01-06 23:25:00,23520410757
2026-01-06 23:30:00,23210606419
2026-01-06 23:35:00,20177337736
2026-01-06 23:40:00,22034732422
2026-01-06 23:45:00,19011090117
2026-01-06 23:50:00,21505865475
2026-01-06 23:55:00,19709007581
2026-01-07 00:00:00,32297492170
2026-01-07 00:05:00,54789593560
2026-01-07 00:10:00,46178203739
2026-01-07 00:15:00,44134194504
2026-01-07 00:20:00,39626542405
2026-01-07 00:25:00,44387470909
2026-01-07 00:30:00,44205031448
2026-01-07 00:35:00,47479731251
2026-01-07 00:40:00,48818099302
2026-01-07 00:45:00,49063381227
2026-01-07 00:50:00,40399426520
2026-01-07 00:55:00,33032535752
2026-01-07 01:00:00,43670875099
2026-01-07 01:05:00,45208169470
2026-01-07 01:10:00,43507724918
2026-01-07 01:15:00,44410971411
2026-01-07 01:20:00,43708435552
2026-01-07 01:25:00,40204843259
2026-01-07 01:30:00,39400965960
2026-01-07 01:35:00,35615517963
2026-01-07 01:40:00,29937141853
2026-01-07 01:45:00,28416263709
2026-01-07 01:50:00,28710892288
2026-01-07 01:55:00,27897166115
2026-01-07 02:00:00,31650360466
2026-01-07 02:05:00,33236561870
2026-01-07 02:10:00,35992550558
2026-01-07 02:15:00,35570853170
2026-01-07 02:20:00,34434140330
2026-01-07 02:25:00,33695473538
2026-01-07 02:30:00,33144236957
2026-01-07 02:35:00,32934497104
2026-01-07 02:40:00,32177129709
2026-01-07 02:45:00,36181032264
2026-01-07 02:50:00,34816307554
2026-01-07 02:55:00,35067996179
2026-01-07 03:00:00,33180897613
2026-01-07 03:05:00,32168862195
2026-01-07 03:10:00,33171553069
2026-01-07 03:15:00,29572210214
2026-01-07 03:20:00,29634224157
2026-01-07 03:25:00,24355045485
2026-01-07 03:30:00,29568777517
2026-01-07 03:35:00,26062586877
2026-01-07 03:40:00,27011058514
2026-01-07 03:45:00,26461181091
2026-01-07 03:50:00,26527416670
2026-01-07 03:55:00,30931983093
2026-01-07 04:00:00,29775669734
2026-01-07 04:05:00,29498004614
2026-01-07 04:10:00,31177287869
2026-01-07 04:15:00,29552798693
2026-01-07 04:20:00,28636897936
2026-01-07 04:25:00,28518321384
2026-01-07 04:30:00,29904402845
2026-01-07 04:35:00,30326814074
2026-01-07 04:40:00,32222176626
2026-01-07 04:45:00,32677589498
2026-01-07 04:50:00,35089203133
2026-01-07 04:55:00,30144594520
2026-01-07 05:00:00,33636750810
2026-01-07 05:05:00,34860234795
2026-01-07 05:10:00,31691350557
2026-01-07 05:15:00,36843986674
2026-01-07 05:20:00,36343937280
2026-01-07 05:25:00,27673303016
2026-01-07 05:30:00,21283440738
2026-01-07 05:35:00,21462516502
2026-01-07 05:40:00,22055487819
2026-01-07 05:45:00,28527726907
2026-01-07 05:50:00,28338142442
2026-01-07 05:55:00,27641861936
2026-01-07 06:00:00,36001267618
2026-01-07 06:05:00,42013437334
2026-01-07 06:10:00,31330752858
2026-01-07 06:15:00,30069014842
2026-01-07 06:20:00,35126520586
2026-01-07 06:25:00,38321230382
2026-01-07 06:30:00,44291243230
2026-01-07 06:35:00,41071406624
2026-01-07 06:40:00,45446390549
2026-01-07 06:45:00,46584743192
2026-01-07 06:50:00,45014665656
2026-01-07 06:55:00,43709659627
2026-01-07 07:00:00,56268942845
2026-01-07 07:05:00,56543177931
2026-01-07 07:10:00,47487579854
2026-01-07 07:15:00,45237119293
2026-01-07 07:20:00,49170176869
2026-01-07 07:25:00,46997632824
2026-01-07 07:30:00,49760457934
2026-01-07 07:35:00,49881174605
2026-01-07 07:40:00,50554796461
2026-01-07 07:45:00,50748590330
2026-01-07 07:50:00,52813523795
2026-01-07 07:55:00,51796997006
2026-01-07 08:00:00,42246012082
2026-01-07 08:05:00,44603107267
2026-01-07 08:10:00,50473720280
2026-01-07 08:15:00,51147812195
2026-01-07 08:20:00,48783783280
2026-01-07 08:25:00,49988855131
2026-01-07 08:30:00,49943496982
2026-01-07 08:35:00,47693346077
2026-01-07 08:40:00,47307761982
2026-01-07 08:45:00,50521499917
2026-01-07 08:50:00,51545051790
2026-01-07 08:55:00,49432184232
2026-01-07 09:00:00,43020023854
2026-01-07 09:05:00,52072485216
2026-01-07 09:10:00,47947248229
2026-01-07 09:15:00,48691487925
2026-01-07 09:20:00,52175749757
2026-01-07 09:25:00,51007808482
2026-01-07 09:30:00,48200725170
2026-01-07 09:35:00,48035877528
2026-01-07 09:40:00,52494871798
2026-01-07 09:45:00,47582182811
2026-01-07 09:50:00,52916884534
2026-01-07 09:55:00,54189837021
2026-01-07 10:00:00,48669500530
2026-01-07 10:05:00,51374041189
2026-01-07 10:10:00,47019554448
2026-01-07 10:15:00,47626432174
2026-01-07 10:20:00,47256440944
2026-01-07 10:25:00,51135718850
2026-01-07 10:30:00,49658581050
2026-01-07 10:35:00,47234284923
2026-01-07 10:40:00,49701041534
2026-01-07 10:45:00,53564572352
2026-01-07 10:50:00,49260272869
2026-01-07 10:55:00,50976274173
2026-01-07 11:00:00,47468039387
2026-01-07 11:05:00,49223111202
2026-01-07 11:10:00,47357049640
2026-01-07 11:15:00,47173589467
2026-01-07 11:20:00,50237994642
2026-01-07 11:25:00,47171147037
2026-01-07 11:30:00,47620554038
2026-01-07 11:35:00,48478365298
2026-01-07 11:40:00,45617335682
2026-01-07 11:45:00,50565213472
2026-01-07 11:50:00,46264018147
2026-01-07 11:55:00,49529622507
2026-01-07 12:00:00,51141299930
2026-01-07 12:05:00,46567022038
2026-01-07 12:10:00,50760949741
2026-01-07 12:15:00,53796956586
2026-01-07 12:20:00,50681700645
2026-01-07 12:25:00,48889374720
2026-01-07 12:30:00,53169543802
2026-01-07 12:35:00,52368039125
2026-01-07 12:40:00,52403619818
2026-01-07 12:45:00,45031748851
2026-01-07 12:50:00,40405386928
2026-01-07 12:55:00,41803693302
2026-01-07 13:00:00,46899072950
2026-01-07 13:05:00,41413712917
2026-01-07 13:10:00,41860787560
2026-01-07 13:15:00,38702945835
2026-01-07 13:20:00,34163010693
2026-01-07 13:25:00,38858126968
2026-01-07 13:30:00,31239990262
2026-01-07 13:35:00,43510518371
2026-01-07 13:40:00,49047778483
2026-01-07 13:45:00,50197738587
2026-01-07 13:50:00,43817563618
2026-01-07 13:55:00,49170822576
2026-01-07 14:00:00,49328366565
2026-01-07 14:05:00,46832516957
2026-01-07 14:10:00,46958236256
2026-01-07 14:15:00,50084852528
2026-01-07 14:20:00,45815843301
2026-01-07 14:25:00,42355719520
2026-01-07 14:30:00,47660915768
2026-01-07 14:35:00,38346760390
2026-01-07 14:40:00,41061638317
2026-01-07 14:45:00,46516534958
2026-01-07 14:50:00,42946456288
2026-01-07 14:55:00,41956632834
2026-01-07 15:00:00,41644706648
2026-01-07 15:05:00,39298055381
2026-01-07 15:10:00,41462156843
2026-01-07 15:15:00,41511317581
2026-01-07 15:20:00,33159184142
2026-01-07 15:25:00,38271738795
2026-01-07 15:30:00,34459782942
2026-01-07 15:35:00,31985143603
2026-01-07 15:40:00,31745187910
2026-01-07 15:45:00,35215375960
2026-01-07 15:50:00,31153988010
2026-01-07 15:55:00,33889483795
2026-01-07 16:00:00,35307364133
2026-01-07 16:05:00,33144233398
2026-01-07 16:10:00,33836453246
2026-01-07 16:15:00,31626434602
2026-01-07 16:20:00,33416926254
2026-01-07 16:25:00,31539725402
2026-01-07 16:30:00,41986917782
2026-01-07 16:35:00,40874527114
2026-01-07 16:40:00,39927160342
2026-01-07 16:45:00,36159273400
2026-01-07 16:50:00,36696711421
2026-01-07 16:55:00,38024168582
2026-01-07 17:00:00,24676367125
2026-01-07 17:05:00,28876603139
2026-01-07 17:10:00,35415549389
2026-01-07 17:15:00,44339476797
2026-01-07 17:20:00,40840815261
2026-01-07 17:25:00,38152172710
2026-01-07 17:30:00,41059866674
2026-01-07 17:35:00,41679536950
2026-01-07 17:40:00,43092982226
2026-01-07 17:45:00,46879735730
2026-01-07 17:50:00,45431423971
2026-01-07 17:55:00,45090170472
2026-01-07 18:00:00,48770273946
2026-01-07 18:05:00,51578921768
2026-01-07 18:10:00,55457372474
2026-01-07 18:15:00,53021524774
2026-01-07 18:20:00,51841674171
2026-01-07 18:25:00,52133411899
2026-01-07 18:30:00,56401949408
2026-01-07 18:35:00,49593964797
2026-01-07 18:40:00,54287384907
2026-01-07 18:45:00,54318620994
2026-01-07 18:50:00,54014716629
2026-01-07 18:55:00,50744104072
2026-01-07 19:00:00,47098797046
2026-01-07 19:05:00,43483215464
2026-01-07 19:10:00,47747477568
2026-01-07 19:15:00,48616068813
2026-01-07 19:20:00,43325405181
2026-01-07 19:25:00,41868707498
2026-01-07 19:30:00,44257959474
2026-01-07 19:35:00,43771772262
2026-01-07 19:40:00,42480722907
2026-01-07 19:45:00,43783082853
2026-01-07 19:50:00,41164694678
2026-01-07 19:55:00,39122879678
2026-01-07 20:00:00,43143112462
2026-01-07 20:05:00,48774722888
2026-01-07 20:10:00,42888009374
2026-01-07 20:15:00,40546509755
2026-01-07 20:20:00,39226393136
2026-01-07 20:25:00,42045312786
2026-01-07 20:30:00,41738137176
2026-01-07 20:35:00,39361892086
2026-01-07 20:40:00,42205895080
2026-01-07 20:45:00,43120556845
2026-01-07 20:50:00,37562879035
2026-01-07 20:55:00,40346706360
2026-01-07 21:00:00,41839220248
2026-01-07 21:05:00,44679762568
2026-01-07 21:10:00,43042285362
2026-01-07 21:15:00,41394078626
2026-01-07 21:20:00,39866644744
2026-01-07 21:25:00,40098867646
2026-01-07 21:30:00,40404046776
2026-01-07 21:35:00,39519258085
2026-01-07 21:40:00,32742268467
2026-01-07 21:45:00,34609966774
2026-01-07 21:50:00,37616586226
2026-01-07 21:55:00,31011739301
2026-01-07 22:00:00,34698930509
2026-01-07 22:05:00,33702181710
2026-01-07 22:10:00,33800969058
2026-01-07 22:15:00,37393850078
2026-01-07 22:20:00,33190824226
2026-01-07 22:25:00,28736253994
2026-01-07 22:30:00,30276675605
2026-01-07 22:35:00,26891596754
2026-01-07 22:40:00,25721861266
2026-01-07 22:45:00,27988140611
2026-01-07 22:50:00,27695299990
2026-01-07 22:55:00,27138798573
2026-01-07 23:00:00,26515869502
2026-01-07 23:05:00,21710040314
2026-01-07 23:10:00,21188669242
2026-01-07 23:15:00,21564397008
2026-01-07 23:20:00,21682196552
2026-01-07 23:25:00,19603746586
2026-01-07 23:30:00,23464389477
2026-01-07 23:35:00,21283919779
2026-01-07 23:40:00,21096118774
2026-01-07 23:45:00,24614608106
2026-01-07 23:50:00,22496153853
2026-01-07 23:55:00,20880395794
2026-01-08 00:00:00,41459647862
2026-01-08 00:05:00,53410594293
2026-01-08 00:10:00,47386535997
2026-01-08 00:15:00,38988862371
2026-01-08 00:20:00,35159239267
2026-01-08 00:25:00,43061828235
2026-01-08 00:30:00,48785725213
2026-01-08 00:35:00,52049580373
2026-01-08 00:40:00,41933272310
2026-01-08 00:45:00,51567908565
2026-01-08 00:50:00,44075532906
2026-01-08 00:55:00,36613074334
2026-01-08 01:00:00,44482618621
2026-01-08 01:05:00,49479917322
2026-01-08 01:10:00,48418234906
2026-01-08 01:15:00,43601397182
2026-01-08 01:20:00,41960860824
2026-01-08 01:25:00,43712847214
2026-01-08 01:30:00,41740567712
2026-01-08 01:35:00,43404759416
2026-01-08 01:40:00,35377402606
2026-01-08 01:45:00,33518451088
2026-01-08 01:50:00,32199420251
2026-01-08 01:55:00,28256901680
2026-01-08 02:00:00,24133088181
2026-01-08 02:05:00,29440918661
2026-01-08 02:10:00,31979767373
2026-01-08 02:15:00,33462122941
2026-01-08 02:20:00,34849125563
2026-01-08 02:25:00,31882269205
2026-01-08 02:30:00,33086320181
2026-01-08 02:35:00,29696834173
2026-01-08 02:40:00,27873565467
2026-01-08 02:45:00,26582063365
2026-01-08 02:50:00,26804358982
2026-01-08 02:55:00,26880751134
2026-01-08 03:00:00,25117412853
2026-01-08 03:05:00,25381323779
2026-01-08 03:10:00,25772268614
2026-01-08 03:15:00,27640382443
2026-01-08 03:20:00,27186415398
2026-01-08 03:25:00,27626273518
2026-01-08 03:30:00,28576158192
2026-01-08 03:35:00,27814855547
2026-01-08 03:40:00,27284545384
2026-01-08 03:45:00,27389885478
2026-01-08 03:50:00,27438201794
2026-01-08 03:55:00,26989403131
2026-01-08 04:00:00,26936186434
2026-01-08 04:05:00,27268608482
2026-01-08 04:10:00,25439137342
2026-01-08 04:15:00,27704500203
2026-01-08 04:20:00,28187909381
2026-01-08 04:25:00,27144946534
2026-01-08 04:30:00,31062122210
2026-01-08 04:35:00,30462090406
2026-01-08 04:40:00,29027536976
2026-01-08 04:45:00,30965653930
2026-01-08 04:50:00,33355798571
2026-01-08 04:55:00,31775089102
2026-01-08 05:00:00,33705331394
2026-01-08 05:05:00,34993266499
2026-01-08 05:10:00,34856326549
2026-01-08 05:15:00,36386338365
2026-01-08 05:20:00,36893034490
2026-01-08 05:25:00,26852473666
2026-01-08 05:30:00,19856204064
2026-01-08 05:35:00,19550128862
2026-01-08 05:40:00,20590878410
2026-01-08 05:45:00,21073103570
2026-01-08 05:50:00,26059952824
2026-01-08 05:55:00,30980408301
2026-01-08 06:00:00,37273338744
2026-01-08 06:05:00,42742056299
2026-01-08 06:10:00,38492923200
2026-01-08 06:15:00,31614322478
2026-01-08 06:20:00,37786925661
2026-01-08 06:25:00,37671746099
2026-01-08 06:30:00,45453353216
2026-01-08 06:35:00,46364038963
2026-01-08 06:40:00,48754540750
2026-01-08 06:45:00,51560330363
2026-01-08 06:50:00,41859943438
2026-01-08 06:55:00,47182943726
2026-01-08 07:00:00,50250296285
2026-01-08 07:05:00,56676398552
2026-01-08 07:10:00,52251974522
2026-01-08 07:15:00,47858396626
2026-01-08 07:20:00,50065644104
2026-01-08 07:25:00,54644858448
2026-01-08 07:30:00,49792226546
2026-01-08 07:35:00,54046539269
2026-01-08 07:40:00,54420173261
2026-01-08 07:45:00,55081519342
2026-01-08 07:50:00,53209020805
2026-01-08 07:55:00,53464963237
2026-01-08 08:00:00,53635796080
2026-01-08 08:05:00,52277342714
2026-01-08 08:10:00,52526903872
2026-01-08 08:15:00,44469210854
2026-01-08 08:20:00,46816363802
2026-01-08 08:25:00,50436561869
2026-01-08 08:30:00,50057578661
2026-01-08 08:35:00,47760755146
2026-01-08 08:40:00,47282507365
2026-01-08 08:45:00,46934987979
2026-01-08 08:50:00,45749002053
2026-01-08 08:55:00,51366742235
2026-01-08 09:00:00,48827734819
2026-01-08 09:05:00,44392574331
2026-01-08 09:10:00,48769519046
2026-01-08 09:15:00,47291738306
2026-01-08 09:20:00,50429644240
2026-01-08 09:25:00,54868994184
2026-01-08 09:30:00,51064199013
2026-01-08 09:35:00,48315675032
2026-01-08 09:40:00,51405436275
2026-01-08 09:45:00,50811375640
2026-01-08 09:50:00,52879346210
2026-01-08 09:55:00,50445092195
2026-01-08 10:00:00,52179360442
2026-01-08 10:05:00,57260509955
2026-01-08 10:10:00,53042339685
2026-01-08 10:15:00,50557402318
2026-01-08 10:20:00,53049418440
2026-01-08 10:25:00,50961294762
2026-01-08 10:30:00,51243731099
2026-01-08 10:35:00,50586795107
2026-01-08 10:40:00,47194952027

