"Time","MemoryUsed"
2026-01-07 19:05:00,334223593144
2026-01-07 19:10:00,331411792200
2026-01-07 19:15:00,334525165076
2026-01-07 19:20:00,334312954921
2026-01-07 19:25:00,331441596334
2026-01-07 19:30:00,332976088515
2026-01-07 19:35:00,331844370268
2026-01-07 19:40:00,330653136159
2026-01-07 19:45:00,334819707617
2026-01-07 19:50:00,332286089134
2026-01-07 19:55:00,329331808666
2026-01-07 20:00:00,314414912143
2026-01-07 20:05:00,317177240617
2026-01-07 20:10:00,320143004795
2026-01-07 20:15:00,319816107459
2026-01-07 20:20:00,320804939858
2026-01-07 20:25:00,322100784497
2026-01-07 20:30:00,325825323336
2026-01-07 20:35:00,319740128133
2026-01-07 20:40:00,320784487219
2026-01-07 20:45:00,329983043502
2026-01-07 20:50:00,321535419023
2026-01-07 20:55:00,324414267392
2026-01-07 21:00:00,326131727401
2026-01-07 21:05:00,322778668564
2026-01-07 21:10:00,322854213222
2026-01-07 21:15:00,325582495580
2026-01-07 21:20:00,319761697014
2026-01-07 21:25:00,323913469297
2026-01-07 21:30:00,324488423506
2026-01-07 21:35:00,321098390569
2026-01-07 21:40:00,324638250762
2026-01-07 21:45:00,326817111245
2026-01-07 21:50:00,321598486610
2026-01-07 21:55:00,325644031263
2026-01-07 22:00:00,325044808417
2026-01-07 22:05:00,317938957844
2026-01-07 22:10:00,320641926595
2026-01-07 22:15:00,317897884631
2026-01-07 22:20:00,296561126769
2026-01-07 22:25:00,292267956961
2026-01-07 22:30:00,289713874534
2026-01-07 22:35:00,294902423224
2026-01-07 22:40:00,298142059725
2026-01-07 22:45:00,301490597724
2026-01-07 22:50:00,301754138132
2026-01-07 22:55:00,303014649528
2026-01-07 23:00:00,303000696914
2026-01-07 23:05:00,303446393979
2026-01-07 23:10:00,303018617569
2026-01-07 23:15:00,284961032274
2026-01-07 23:20:00,280357580308
2026-01-07 23:25:00,279512408392
2026-01-07 23:30:00,281527649239
2026-01-07 23:35:00,283032037622
2026-01-07 23:40:00,281983524045
2026-01-07 23:45:00,284919435100
2026-01-07 23:50:00,284169177334
2026-01-07 23:55:00,285729745961
2026-01-08 00:00:00,273126277448
2026-01-08 00:05:00,314446082703
2026-01-08 00:10:00,290651452539
2026-01-08 00:15:00,287061788918
2026-01-08 00:20:00,282672735191
2026-01-08 00:25:00,338314975642
2026-01-08 00:30:00,336495117599
2026-01-08 00:35:00,365612372951
2026-01-08 00:40:00,349780752630
2026-01-08 00:45:00,357179362017
2026-01-08 00:50:00,354069722235
2026-01-08 00:55:00,395164008776
2026-01-08 01:00:00,411134895718
2026-01-08 01:05:00,208694723215
2026-01-08 01:10:00,411483139932
2026-01-08 01:15:00,247156597555
2026-01-08 01:20:00,226828632719
2026-01-08 01:25:00,294319366799
2026-01-08 01:30:00,323791228764
2026-01-08 01:35:00,276396976210
2026-01-08 01:40:00,351221701509
2026-01-08 01:45:00,472032303350
2026-01-08 01:50:00,190206096835
2026-01-08 01:55:00,271570691686
2026-01-08 02:00:00,201434869924
2026-01-08 02:05:00,250234587546
2026-01-08 02:10:00,341336604672
2026-01-08 02:15:00,290185314918
2026-01-08 02:20:00,393198020526
2026-01-08 02:25:00,158495173018
2026-01-08 02:30:00,512793532826
2026-01-08 02:35:00,458459480064
2026-01-08 02:40:00,331290165084
2026-01-08 02:45:00,285125420319
2026-01-08 02:50:00,444768167690
2026-01-08 02:55:00,317810317558
2026-01-08 03:00:00,202478883635
2026-01-08 03:05:00,189596049736
2026-01-08 03:10:00,184045558989
2026-01-08 03:15:00,184208135782
2026-01-08 03:20:00,183110483149
2026-01-08 03:25:00,182000124723
2026-01-08 03:30:00,181620011008
2026-01-08 03:35:00,180313263309
2026-01-08 03:40:00,181067249254
2026-01-08 03:45:00,179794250957
2026-01-08 03:50:00,180787177062
2026-01-08 03:55:00,180240732160
2026-01-08 04:00:00,181711161754
2026-01-08 04:05:00,180758016000
2026-01-08 04:10:00,181020467200
2026-01-08 04:15:00,181472568934
2026-01-08 04:20:00,180853558477
2026-01-08 04:25:00,181154112307
2026-01-08 04:30:00,182484797850
2026-01-08 04:35:00,182669859226
2026-01-08 04:40:00,183734075392
2026-01-08 04:45:00,183829278720
2026-01-08 04:50:00,184682033971
2026-01-08 04:55:00,185644598067
2026-01-08 05:00:00,190180349542
2026-01-08 05:05:00,190590106829
2026-01-08 05:10:00,192423150387
2026-01-08 05:15:00,194630918472
2026-01-08 05:20:00,196636333670
2026-01-08 05:25:00,196924988621
2026-01-08 05:30:00,201493246771
2026-01-08 05:35:00,202694561792
2026-01-08 05:40:00,206397037773
2026-01-08 05:45:00,207829596897
2026-01-08 05:50:00,212054532096
2026-01-08 05:55:00,217069098762
2026-01-08 06:00:00,228421689836
2026-01-08 06:05:00,230519022879
2026-01-08 06:10:00,233742712504
2026-01-08 06:15:00,236301714391
2026-01-08 06:20:00,242246358958
2026-01-08 06:25:00,249017234719
2026-01-08 06:30:00,262805408973
2026-01-08 06:35:00,267234779464
2026-01-08 06:40:00,274336787825
2026-01-08 06:45:00,272728859279
2026-01-08 06:50:00,272212763443
2026-01-08 06:55:00,295861314028
2026-01-08 07:00:00,307763271434
2026-01-08 07:05:00,313223289569
2026-01-08 07:10:00,318794640425
2026-01-08 07:15:00,317934130627
2026-01-08 07:20:00,318824709161
2026-01-08 07:25:00,321803970478
2026-01-08 07:30:00,319450002719
2026-01-08 07:35:00,317402257490
2026-01-08 07:40:00,313923854336
2026-01-08 07:45:00,309953424753
2026-01-08 07:50:00,298628888658
2026-01-08 07:55:00,299926281257
2026-01-08 08:00:00,319841853112
2026-01-08 08:05:00,347192413880
2026-01-08 08:10:00,345361792369
2026-01-08 08:15:00,347040028918
2026-01-08 08:20:00,344535977001
2026-01-08 08:25:00,342085141791
2026-01-08 08:30:00,346992041984
2026-01-08 08:35:00,341533307208
2026-01-08 08:40:00,345353918382
2026-01-08 08:45:00,342486458532
2026-01-08 08:50:00,346668050678
2026-01-08 08:55:00,345906667520
2026-01-08 09:00:00,349493544714
2026-01-08 09:05:00,348696703468
2026-01-08 09:10:00,348599251108
2026-01-08 09:15:00,349961387868
2026-01-08 09:20:00,349181780623
2026-01-08 09:25:00,346860746342
2026-01-08 09:30:00,349059285811
2026-01-08 09:35:00,349064110080
2026-01-08 09:40:00,347535400632
2026-01-08 09:45:00,352465579540
2026-01-08 09:50:00,347791075410
2026-01-08 09:55:00,348813590364
2026-01-08 10:00:00,353051379958
2026-01-08 10:05:00,347316552335
2026-01-08 10:10:00,349764576543
2026-01-08 10:15:00,352024552079
2026-01-08 10:20:00,350402821161
2026-01-08 10:25:00,351994184827
2026-01-08 10:30:00,354520239636
2026-01-08 10:35:00,349306078495
2026-01-08 10:40:00,343337507226
2026-01-08 10:45:00,349018181632
2026-01-08 10:50:00,349023454003
2026-01-08 10:55:00,351868476129
2026-01-08 11:00:00,353086547558
2026-01-08 11:05:00,353461808824
2026-01-08 11:10:00,349760034406
2026-01-08 11:15:00,355826458296
2026-01-08 11:20:00,349990827295
2026-01-08 11:25:00,353963857019
2026-01-08 11:30:00,368041582920
2026-01-08 11:35:00,361793720484
2026-01-08 11:40:00,357603597681
2026-01-08 11:45:00,360187578450
2026-01-08 11:50:00,363247773286
2026-01-08 11:55:00,359753921495
2026-01-08 12:00:00,370791677788
2026-01-08 12:05:00,361698693939
2026-01-08 12:10:00,358526862787
2026-01-08 12:15:00,362786817147
2026-01-08 12:20:00,362664759788
2026-01-08 12:25:00,361397869773
2026-01-08 12:30:00,358088585708
2026-01-08 12:35:00,353754884833
2026-01-08 12:40:00,350416233267
2026-01-08 12:45:00,340098925036
2026-01-08 12:50:00,326109456794
2026-01-08 12:55:00,315699583877
2026-01-08 13:00:00,335513372918
2026-01-08 13:05:00,327076866458
2026-01-08 13:10:00,311909600297
2026-01-08 13:15:00,308628364820
2026-01-08 13:20:00,305154004255
2026-01-08 13:25:00,306131053117
2026-01-08 13:30:00,307705047613
2026-01-08 13:35:00,304919196140
2026-01-08 13:40:00,303029548810
2026-01-08 13:45:00,307701326479
2026-01-08 13:50:00,307498843832
2026-01-08 13:55:00,305183033426
2026-01-08 14:00:00,323646032773
2026-01-08 14:05:00,327311535145
2026-01-08 14:10:00,318754607596
2026-01-08 14:15:00,314357826519
2026-01-08 14:20:00,305310911037
2026-01-08 14:25:00,307520846234
2026-01-08 14:30:00,305982101422
2026-01-08 14:35:00,307455835832
2026-01-08 14:40:00,304110335590
2026-01-08 14:45:00,305839349924
2026-01-08 14:50:00,305604485939
2026-01-08 14:55:00,306647419945
2026-01-08 15:00:00,307352762286
2026-01-08 15:05:00,306592499958
2026-01-08 15:10:00,311524437524
2026-01-08 15:15:00,316288910131
2026-01-08 15:20:00,313164089590
2026-01-08 15:25:00,313704699003
2026-01-08 15:30:00,312322438758
2026-01-08 15:35:00,310189919109
2026-01-08 15:40:00,317166592655
2026-01-08 15:45:00,326069680046
2026-01-08 15:50:00,321074868060
2026-01-08 15:55:00,319536628367
2026-01-08 16:00:00,319908034806
2026-01-08 16:05:00,318630162760
2026-01-08 16:10:00,311325669786
2026-01-08 16:15:00,345555262505
2026-01-08 16:20:00,336251205550
2026-01-08 16:25:00,362991030927
2026-01-08 16:30:00,354302529536
2026-01-08 16:35:00,322120269332
2026-01-08 16:40:00,345017834537
2026-01-08 16:45:00,345051621294
2026-01-08 16:50:00,369148736143
2026-01-08 16:55:00,344876938527
2026-01-08 17:00:00,414299784479
2026-01-08 17:05:00,335161095291
2026-01-08 17:10:00,446542362542
2026-01-08 17:15:00,227409077862
2026-01-08 17:20:00,331318085386
2026-01-08 17:25:00,346423495393
2026-01-08 17:30:00,440315534541
2026-01-08 17:35:00,393218291302
2026-01-08 17:40:00,269540168499
2026-01-08 17:45:00,218113245839
2026-01-08 17:50:00,449803095245
2026-01-08 17:55:00,426665418588
2026-01-08 18:00:00,405328112026
2026-01-08 18:05:00,191326060380
2026-01-08 18:10:00,448012135793
2026-01-08 18:15:00,427594409902
2026-01-08 18:20:00,442070328279
2026-01-08 18:25:00,438441938452
2026-01-08 18:30:00,435431616348
2026-01-08 18:35:00,370793750528
2026-01-08 18:40:00,342075737047
2026-01-08 18:45:00,332840637727
2026-01-08 18:50:00,323885585367
2026-01-08 18:55:00,322179141140
2026-01-08 19:00:00,329176215880
2026-01-08 19:05:00,332324791419
2026-01-08 19:10:00,333208569610
2026-01-08 19:15:00,334671759933
2026-01-08 19:20:00,334708762542
2026-01-08 19:25:00,332831495291
2026-01-08 19:30:00,335178202972
2026-01-08 19:35:00,332747073290
2026-01-08 19:40:00,330747938243
2026-01-08 19:45:00,333001641656
2026-01-08 19:50:00,331348433142
2026-01-08 19:55:00,330497754071
2026-01-08 20:00:00,337726026711
2026-01-08 20:05:00,333040815964
2026-01-08 20:10:00,335110672548
2026-01-08 20:15:00,336823465574
2026-01-08 20:20:00,333686837740
2026-01-08 20:25:00,335352120771
2026-01-08 20:30:00,335673970360
2026-01-08 20:35:00,334692557128
2026-01-08 20:40:00,331713409679
2026-01-08 20:45:00,333476774380
2026-01-08 20:50:00,332542105682
2026-01-08 20:55:00,330644603208
2026-01-08 21:00:00,335376627139
2026-01-08 21:05:00,331446404383
2026-01-08 21:10:00,334955704648
2026-01-08 21:15:00,331956757627
2026-01-08 21:20:00,302290899927
2026-01-08 21:25:00,357610001203
2026-01-08 21:30:00,324562487706
2026-01-08 21:35:00,310738074337
2026-01-08 21:40:00,309259198464
2026-01-08 21:45:00,314902745416
2026-01-08 21:50:00,317616742892
2026-01-08 21:55:00,319210788127
2026-01-08 22:00:00,325184174981
2026-01-08 22:05:00,322131663421
2026-01-08 22:10:00,321066187162
2026-01-08 22:15:00,323287615734
2026-01-08 22:20:00,321948831089
2026-01-08 22:25:00,322898624512
2026-01-08 22:30:00,324657195254
2026-01-08 22:35:00,318120112128
2026-01-08 22:40:00,317133256294
2026-01-08 22:45:00,307196191539
2026-01-08 22:50:00,292613271880
2026-01-08 22:55:00,290678024110
2026-01-08 23:00:00,290792580383
2026-01-08 23:05:00,294270405509
2026-01-08 23:10:00,296259883663
2026-01-08 23:15:00,297211558953
2026-01-08 23:20:00,298343389921
2026-01-08 23:25:00,298504115487
2026-01-08 23:30:00,294053324554
2026-01-08 23:35:00,276146830541
2026-01-08 23:40:00,275644599992
2026-01-08 23:45:00,276493623624
2026-01-08 23:50:00,277516470354
2026-01-08 23:55:00,276567461888
2026-01-09 00:00:00,299420390687
2026-01-09 00:05:00,308350693704
2026-01-09 00:10:00,302162359419
2026-01-09 00:15:00,303571502858
2026-01-09 00:20:00,324378367427
2026-01-09 00:25:00,344941758710
2026-01-09 00:30:00,345616689070
2026-01-09 00:35:00,358345595126
2026-01-09 00:40:00,452833833452
2026-01-09 00:45:00,224645218632
2026-01-09 00:50:00,311620918313
2026-01-09 00:55:00,377197573734
2026-01-09 01:00:00,417314392637
2026-01-09 01:05:00,360056046060
2026-01-09 01:10:00,362065265132
2026-01-09 01:15:00,313998344028
2026-01-09 01:20:00,299634933350
2026-01-09 01:25:00,361788068495
2026-01-09 01:30:00,408320492175
2026-01-09 01:35:00,440227411231
2026-01-09 01:40:00,388480779551
2026-01-09 01:45:00,323526673367
2026-01-09 01:50:00,287082588570
2026-01-09 01:55:00,235292335145
2026-01-09 02:00:00,189140222771
2026-01-09 02:05:00,341675964826
2026-01-09 02:10:00,228212632781
2026-01-09 02:15:00,157692443853
2026-01-09 02:20:00,349988390994
2026-01-09 02:25:00,346109332521
2026-01-09 02:30:00,383880994324
2026-01-09 02:35:00,167683896934
2026-01-09 02:40:00,199524238459
2026-01-09 02:45:00,235591471596
2026-01-09 02:50:00,372100116644
2026-01-09 02:55:00,354121812541
2026-01-09 03:00:00,432172991119
2026-01-09 03:05:00,404801320714
2026-01-09 03:10:00,170727918305
2026-01-09 03:15:00,317732408033
2026-01-09 03:20:00,246460476785
2026-01-09 03:25:00,202311754383
2026-01-09 03:30:00,183867896955
2026-01-09 03:35:00,182777563546
2026-01-09 03:40:00,182283078042
2026-01-09 03:45:00,192646100419
2026-01-09 03:50:00,183285219328
2026-01-09 03:55:00,182692379853
2026-01-09 04:00:00,196500142326
2026-01-09 04:05:00,181573204378
2026-01-09 04:10:00,181473188250
2026-01-09 04:15:00,192510309499
2026-01-09 04:20:00,183369573990
2026-01-09 04:25:00,182895203942
2026-01-09 04:30:00,183940237722
2026-01-09 04:35:00,184429271450
2026-01-09 04:40:00,185022822810
2026-01-09 04:45:00,185865849242
2026-01-09 04:50:00,196583400899
2026-01-09 04:55:00,181997486244
2026-01-09 05:00:00,197466020905
2026-01-09 05:05:00,198874940375
2026-01-09 05:10:00,191648580403
2026-01-09 05:15:00,193181343744
2026-01-09 05:20:00,196926792499
2026-01-09 05:25:00,192190405018
2026-01-09 05:30:00,199810777088
2026-01-09 05:35:00,198534926172
2026-01-09 05:40:00,231326111826
2026-01-09 05:45:00,209559892787
2026-01-09 05:50:00,212692794737
2026-01-09 05:55:00,218336299745
2026-01-09 06:00:00,230788187423
2026-01-09 06:05:00,233558857155
2026-01-09 06:10:00,235363031122
2026-01-09 06:15:00,234472196014
2026-01-09 06:20:00,240669502833
2026-01-09 06:25:00,246514763858
2026-01-09 06:30:00,258933001748
2026-01-09 06:35:00,264941153812
2026-01-09 06:40:00,271210892984
2026-01-09 06:45:00,278990401536
2026-01-09 06:50:00,284569717309
2026-01-09 06:55:00,274853701878
2026-01-09 07:00:00,295099682488
2026-01-09 07:05:00,286590320476
2026-01-09 07:10:00,310470567363
2026-01-09 07:15:00,316307733709
2026-01-09 07:20:00,314034581012
2026-01-09 07:25:00,314451519406
2026-01-09 07:30:00,309510843433
2026-01-09 07:35:00,315334403195
2026-01-09 07:40:00,311356240527
2026-01-09 07:45:00,303969652408
2026-01-09 07:50:00,300075666473
2026-01-09 07:55:00,263929892045
2026-01-09 08:00:00,312688537436
2026-01-09 08:05:00,269990248940
2026-01-09 08:10:00,313451738071
2026-01-09 08:15:00,321220774953
2026-01-09 08:20:00,313509729075
2026-01-09 08:25:00,315752877752
2026-01-09 08:30:00,316830324163
2026-01-09 08:35:00,307433703342
2026-01-09 08:40:00,309111441490
2026-01-09 08:45:00,328601731727
2026-01-09 08:50:00,307210791158
2026-01-09 08:55:00,311973341102
2026-01-09 09:00:00,303773690757
2026-01-09 09:05:00,333999300444
2026-01-09 09:10:00,338974998200
2026-01-09 09:15:00,328112728801
2026-01-09 09:20:00,325238332129
2026-01-09 09:25:00,342659615293
2026-01-09 09:30:00,347585208156
2026-01-09 09:35:00,345945445007
2026-01-09 09:40:00,343949183058
2026-01-09 09:45:00,346482762711
2026-01-09 09:50:00,346955873321
2026-01-09 09:55:00,343129548063
2026-01-09 10:00:00,357154752594
2026-01-09 10:05:00,345765541642
2026-01-09 10:10:00,344029923738
2026-01-09 10:15:00,349559221617
2026-01-09 10:20:00,346165924495
2026-01-09 10:25:00,343873579745
2026-01-09 10:30:00,352001657897
2026-01-09 10:35:00,348501907538
2026-01-09 10:40:00,344320231834
2026-01-09 10:45:00,345574177014
2026-01-09 10:50:00,346978462433
2026-01-09 10:55:00,348415010079
2026-01-09 11:00:00,352987213005
2026-01-09 11:05:00,350968371610
2026-01-09 11:10:00,349713750917
2026-01-09 11:15:00,353176372838
2026-01-09 11:20:00,350461936271
2026-01-09 11:25:00,345936897638
2026-01-09 11:30:00,356459030938
2026-01-09 11:35:00,353079471964
2026-01-09 11:40:00,354380231639
2026-01-09 11:45:00,344375871078
2026-01-09 11:50:00,324625226793
2026-01-09 11:55:00,321151243223
2026-01-09 12:00:00,334763971543
2026-01-09 12:05:00,326906918502
2026-01-09 12:10:00,336157479895
2026-01-09 12:15:00,327045562040
2026-01-09 12:20:00,320307902054
2026-01-09 12:25:00,326213283021
2026-01-09 12:30:00,332893835100
2026-01-09 12:35:00,331960547738
2026-01-09 12:40:00,331651998024
2026-01-09 12:45:00,335413186888
2026-01-09 12:50:00,330895674081
2026-01-09 12:55:00,329627679130
2026-01-09 13:00:00,332309369487
2026-01-09 13:05:00,333397753856
2026-01-09 13:10:00,335026708152
2026-01-09 13:15:00,339211242045
2026-01-09 13:20:00,328919329669
2026-01-09 13:25:00,322792935424
2026-01-09 13:30:00,353530096517
2026-01-09 13:35:00,339119366636
2026-01-09 13:40:00,335142540083
2026-01-09 13:45:00,335199036703
2026-01-09 13:50:00,334416188703
2026-01-09 13:55:00,333550856929
2026-01-09 14:00:00,336584364851
2026-01-09 14:05:00,334209201439
2026-01-09 14:10:00,338107688714
2026-01-09 14:15:00,341469434511
2026-01-09 14:20:00,297932989563
2026-01-09 14:25:00,339089939661
2026-01-09 14:30:00,356094617354
2026-01-09 14:35:00,349242889830
2026-01-09 14:40:00,349268434780
2026-01-09 14:45:00,353731356754
2026-01-09 14:50:00,351225086116
2026-01-09 14:55:00,346026098524
2026-01-09 15:00:00,375906970010
2026-01-09 15:05:00,337071594373
2026-01-09 15:10:00,308022676357
2026-01-09 15:15:00,316524252365
2026-01-09 15:20:00,298332405924
2026-01-09 15:25:00,335695383757
2026-01-09 15:30:00,359911728415
2026-01-09 15:35:00,340407811113
2026-01-09 15:40:00,340699880489
2026-01-09 15:45:00,364286277878
2026-01-09 15:50:00,338940375532
2026-01-09 15:55:00,342491799060
2026-01-09 16:00:00,366331126743
2026-01-09 16:05:00,342370564178
2026-01-09 16:10:00,342943290327
2026-01-09 16:15:00,364270211891
2026-01-09 16:20:00,318905726239
2026-01-09 16:25:00,326856103035
2026-01-09 16:30:00,382331201290
2026-01-09 16:35:00,450412405391
2026-01-09 16:40:00,360293448090
2026-01-09 16:45:00,311075743498
2026-01-09 16:50:00,362670873805
2026-01-09 16:55:00,173441954284
2026-01-09 17:00:00,148974155366
2026-01-09 17:05:00,271083415798
2026-01-09 17:10:00,387472190013
2026-01-09 17:15:00,162689811251
2026-01-09 17:20:00,403706033439
2026-01-09 17:25:00,241793485537
2026-01-09 17:30:00,151778803712
2026-01-09 17:35:00,146061637714
2026-01-09 17:40:00,359125861499
2026-01-09 17:45:00,198390017884
2026-01-09 17:50:00,153552027484
2026-01-09 17:55:00,331051898743
2026-01-09 18:00:00,400161480049
2026-01-09 18:05:00,311683735880
2026-01-09 18:10:00,391512023204
2026-01-09 18:15:00,257612035850
2026-01-09 18:20:00,378408237138
2026-01-09 18:25:00,234154683802
2026-01-09 18:30:00,388972849562
2026-01-09 18:35:00,189733051269
2026-01-09 18:40:00,277444012769
2026-01-09 18:45:00,404791944151
2026-01-09 18:50:00,314388792443
2026-01-09 18:55:00,409572910367
2026-01-09 19:00:00,419800038441
2026-01-09 19:05:00,413114826588
2026-01-09 19:10:00,421146151813
2026-01-09 19:15:00,416865567375
2026-01-09 19:20:00,410421416919
2026-01-09 19:25:00,454375711212
2026-01-09 19:30:00,415150607565
2026-01-09 19:35:00,379503931556
2026-01-09 19:40:00,343303597261
2026-01-09 19:45:00,332717629440
2026-01-09 19:50:00,318604074189
2026-01-09 19:55:00,312662735913
2026-01-09 20:00:00,333651888210
2026-01-09 20:05:00,311621361172
2026-01-09 20:10:00,307604626801
2026-01-09 20:15:00,322579566592
2026-01-09 20:20:00,313296800645
2026-01-09 20:25:00,318833898619
2026-01-09 20:30:00,324067633398
2026-01-09 20:35:00,316717531136
2026-01-09 20:40:00,318337971487
2026-01-09 20:45:00,308406222848
2026-01-09 20:50:00,311019323392
2026-01-09 20:55:00,312306246287
2026-01-09 21:00:00,328151209574
2026-01-09 21:05:00,307711801098
2026-01-09 21:10:00,303421606298
2026-01-09 21:15:00,313558368911
2026-01-09 21:20:00,313175702733
2026-01-09 21:25:00,311461629788
2026-01-09 21:30:00,322091480678
2026-01-09 21:35:00,314110387978
2026-01-09 21:40:00,317932726354
2026-01-09 21:45:00,329189805916
2026-01-09 21:50:00,312864357253
2026-01-09 21:55:00,312736638730
2026-01-09 22:00:00,325000313897
2026-01-09 22:05:00,316120759665
2026-01-09 22:10:00,316725167227
2026-01-09 22:15:00,318641350574
2026-01-09 22:20:00,309323153080
2026-01-09 22:25:00,311067286077
2026-01-09 22:30:00,311900048589
2026-01-09 22:35:00,289384148664
2026-01-09 22:40:00,281180297134
2026-01-09 22:45:00,279560849162
2026-01-09 22:50:00,283501832438
2026-01-09 22:55:00,285015462052
2026-01-09 23:00:00,289966187807
2026-01-09 23:05:00,290016434258
2026-01-09 23:10:00,290055596114
2026-01-09 23:15:00,294057409741
2026-01-09 23:20:00,290113117389
2026-01-09 23:25:00,290658858435
2026-01-09 23:30:00,278701158728
2026-01-09 23:35:00,268922136166
2026-01-09 23:40:00,268835052257
2026-01-09 23:45:00,269473813135
2026-01-09 23:50:00,269076506051
2026-01-09 23:55:00,270775528325
2026-01-10 00:00:00,291225956188
2026-01-10 00:05:00,304649374597
2026-01-10 00:10:00,305092450386
2026-01-10 00:15:00,276179474022
2026-01-10 00:20:00,278922474455
2026-01-10 00:25:00,305438978867
2026-01-10 00:30:00,353774786314
2026-01-10 00:35:00,364728251843
2026-01-10 00:40:00,254455047127
2026-01-10 00:45:00,348688465756
2026-01-10 00:50:00,290801394975
2026-01-10 00:55:00,411913847439
2026-01-10 01:00:00,198236926935
2026-01-10 01:05:00,429049490309
2026-01-10 01:10:00,266568984330
2026-01-10 01:15:00,345063094845
2026-01-10 01:20:00,388678853591
2026-01-10 01:25:00,244653943685
2026-01-10 01:30:00,205358112276
2026-01-10 01:35:00,252662238904
2026-01-10 01:40:00,249202357043
2026-01-10 01:45:00,201446482575
2026-01-10 01:50:00,424204760678
2026-01-10 01:55:00,424662690529
2026-01-10 02:00:00,368530984305
2026-01-10 02:05:00,436041296609
2026-01-10 02:10:00,232943026340
2026-01-10 02:15:00,365154244362
2026-01-10 02:20:00,171316568392
2026-01-10 02:25:00,260754348769
2026-01-10 02:30:00,260769636188
2026-01-10 02:35:00,211806950523
2026-01-10 02:40:00,377764599071
2026-01-10 02:45:00,199024013148
2026-01-10 02:50:00,437883150991
2026-01-10 02:55:00,177040032727
2026-01-10 03:00:00,325537906852
2026-01-10 03:05:00,359662720451
2026-01-10 03:10:00,266981908316
2026-01-10 03:15:00,211705908593
2026-01-10 03:20:00,191915959419
2026-01-10 03:25:00,188605539123
2026-01-10 03:30:00,188319344230
2026-01-10 03:35:00,187549735322
2026-01-10 03:40:00,185169956045
2026-01-10 03:45:00,185581200179
2026-01-10 03:50:00,184094289101
2026-01-10 03:55:00,184286420992
2026-01-10 04:00:00,185289904947
2026-01-10 04:05:00,185889895219
2026-01-10 04:10:00,184420130816
2026-01-10 04:15:00,184694249062
2026-01-10 04:20:00,184680529101
2026-01-10 04:25:00,184092546662
2026-01-10 04:30:00,185877452390
2026-01-10 04:35:00,185817354240
2026-01-10 04:40:00,197797748736
2026-01-10 04:45:00,186282459955
2026-01-10 04:50:00,186674757632
2026-01-10 04:55:00,188586906419
2026-01-10 05:00:00,190730614374
2026-01-10 05:05:00,197234046075
2026-01-10 05:10:00,191148483052
2026-01-10 05:15:00,190878579917
2026-01-10 05:20:00,193181236429
2026-01-10 05:25:00,196520879718
2026-01-10 05:30:00,200079644590
2026-01-10 05:35:00,203180961300
2026-01-10 05:40:00,204061019177
2026-01-10 05:45:00,205140053361
2026-01-10 05:50:00,207456899236
2026-01-10 05:55:00,210908586803
2026-01-10 06:00:00,243986871419
2026-01-10 06:05:00,221894216745
2026-01-10 06:10:00,225146658161
2026-01-10 06:15:00,246613665874
2026-01-10 06:20:00,238841811272
2026-01-10 06:25:00,206502019891
2026-01-10 06:30:00,242844721316
2026-01-10 06:35:00,247892157399
2026-01-10 06:40:00,259332585882
2026-01-10 06:45:00,266267629650
2026-01-10 06:50:00,276130954281
2026-01-10 06:55:00,313492895007
2026-01-10 07:00:00,262870874194
2026-01-10 07:05:00,277139748946
2026-01-10 07:10:00,304650051748
2026-01-10 07:15:00,306919666647
2026-01-10 07:20:00,306278440960
2026-01-10 07:25:00,306156273172
2026-01-10 07:30:00,305408496108
2026-01-10 07:35:00,303908649533
2026-01-10 07:40:00,299682028749
2026-01-10 07:45:00,296504805622
2026-01-10 07:50:00,288160024986
2026-01-10 07:55:00,291752928051
2026-01-10 08:00:00,320933511660
2026-01-10 08:05:00,324425249915
2026-01-10 08:10:00,325145419940
2026-01-10 08:15:00,330665646490
2026-01-10 08:20:00,327390794711
2026-01-10 08:25:00,322772771144
2026-01-10 08:30:00,327765172552
2026-01-10 08:35:00,326294558147
2026-01-10 08:40:00,330644503593
2026-01-10 08:45:00,339068240855
2026-01-10 08:50:00,337960434401
2026-01-10 08:55:00,337221511578
2026-01-10 09:00:00,368915896730
2026-01-10 09:05:00,349975151903
2026-01-10 09:10:00,342164784579
2026-01-10 09:15:00,364372471972
2026-01-10 09:20:00,349883147387
2026-01-10 09:25:00,348424093368
2026-01-10 09:30:00,358806734111
2026-01-10 09:35:00,341116888351
2026-01-10 09:40:00,349088963461
2026-01-10 09:45:00,356783124644
2026-01-10 09:50:00,340703030641
2026-01-10 09:55:00,342463786844
2026-01-10 10:00:00,351412113408
2026-01-10 10:05:00,344277340324
2026-01-10 10:10:00,347799250207
2026-01-10 10:15:00,349718892052
2026-01-10 10:20:00,343222026895
2026-01-10 10:25:00,349354982113
2026-01-10 10:30:00,348241832182
2026-01-10 10:35:00,340090580173
2026-01-10 10:40:00,341632868024
2026-01-10 10:45:00,352806264340
2026-01-10 10:50:00,345686112502
2026-01-10 10:55:00,346629267456
2026-01-10 11:00:00,348883901153
2026-01-10 11:05:00,341354449797
2026-01-10 11:10:00,344643346268
2026-01-10 11:15:00,346326460170
2026-01-10 11:20:00,345329234248
2026-01-10 11:25:00,345961513124
2026-01-10 11:30:00,349057320878
2026-01-10 11:35:00,333934500086
2026-01-10 11:40:00,342989076398
2026-01-10 11:45:00,345720421745
2026-01-10 11:50:00,336350816010
2026-01-10 11:55:00,345761915535
2026-01-10 12:00:00,350286764769
2026-01-10 12:05:00,341142750659
2026-01-10 12:10:00,346993848156
2026-01-10 12:15:00,351738059817
2026-01-10 12:20:00,346807689380
2026-01-10 12:25:00,343306879468
2026-01-10 12:30:00,348661318943
2026-01-10 12:35:00,342470736282
2026-01-10 12:40:00,347082455286
2026-01-10 12:45:00,344807040451
2026-01-10 12:50:00,337727341691
2026-01-10 12:55:00,341927145472
2026-01-10 13:00:00,347513571410
2026-01-10 13:05:00,345703067648
2026-01-10 13:10:00,345546256876
2026-01-10 13:15:00,345095786496
2026-01-10 13:20:00,342634644111
2026-01-10 13:25:00,342381582909
2026-01-10 13:30:00,344374518252
2026-01-10 13:35:00,338141203661
2026-01-10 13:40:00,340322397880
2026-01-10 13:45:00,342297757778
2026-01-10 13:50:00,339884599378
2026-01-10 13:55:00,338021145313
2026-01-10 14:00:00,343976109998
2026-01-10 14:05:00,340132536975
2026-01-10 14:10:00,339108395418
2026-01-10 14:15:00,344351884083
2026-01-10 14:20:00,330838709207
2026-01-10 14:25:00,340370649580
2026-01-10 14:30:00,341951934464
2026-01-10 14:35:00,341513074770
2026-01-10 14:40:00,339745743667
2026-01-10 14:45:00,341501098557
2026-01-10 14:50:00,340517211177
2026-01-10 14:55:00,341494215148
2026-01-10 15:00:00,343806601462
2026-01-10 15:05:00,318888191427
2026-01-10 15:10:00,347976108278
2026-01-10 15:15:00,355861013299
2026-01-10 15:20:00,342246084772
2026-01-10 15:25:00,343954218353
2026-01-10 15:30:00,346601188229
2026-01-10 15:35:00,336540735242
2026-01-10 15:40:00,340320898908
2026-01-10 15:45:00,365178689782
2026-01-10 15:50:00,345917317448
2026-01-10 15:55:00,344340333199
2026-01-10 16:00:00,340095596626
2026-01-10 16:05:00,337459720356
2026-01-10 16:10:00,340002429501
2026-01-10 16:15:00,339841222902
2026-01-10 16:20:00,337585680056
2026-01-10 16:25:00,303480131748
2026-01-10 16:30:00,320266956472
2026-01-10 16:35:00,323609469420
2026-01-10 16:40:00,326024806892
2026-01-10 16:45:00,326536058470
2026-01-10 16:50:00,315038649057
2026-01-10 16:55:00,345573393203
2026-01-10 17:00:00,356395249992
2026-01-10 17:05:00,345269799977
2026-01-10 17:10:00,334338633728
2026-01-10 17:15:00,345349419991
2026-01-10 17:20:00,337540773970
2026-01-10 17:25:00,327510536192
2026-01-10 17:30:00,387010783805
2026-01-10 17:35:00,320193859420
2026-01-10 17:40:00,326407533527
2026-01-10 17:45:00,328651975393
2026-01-10 17:50:00,325322244260
2026-01-10 17:55:00,329497073254
2026-01-10 18:00:00,337369741230
2026-01-10 18:05:00,327728533340
2026-01-10 18:10:00,322933108081
2026-01-10 18:15:00,331324215296
2026-01-10 18:20:00,325053475553
2026-01-10 18:25:00,330318227210
2026-01-10 18:30:00,331303941243
2026-01-10 18:35:00,316934636667
2026-01-10 18:40:00,347794110382
2026-01-10 18:45:00,351614463181
2026-01-10 18:50:00,337678939095
2026-01-10 18:55:00,319149141033
2026-01-10 19:00:00,323454772511
2026-01-10 19:05:00,293341240361
2026-01-10 19:10:00,336836632904
2026-01-10 19:15:00,343530798121
2026-01-10 19:20:00,319645527900
2026-01-10 19:25:00,348080602644
2026-01-10 19:30:00,319621649859
2026-01-10 19:35:00,333474682798
2026-01-10 19:40:00,336302418985
2026-01-10 19:45:00,339981525156
2026-01-10 19:50:00,337083973960
2026-01-10 19:55:00,320141863322
2026-01-10 20:00:00,281419915100
2026-01-10 20:05:00,357631266980
2026-01-10 20:10:00,340702565335
2026-01-10 20:15:00,340673092649
2026-01-10 20:20:00,337482978099
2026-01-10 20:25:00,333997503447
2026-01-10 20:30:00,338211034399
2026-01-10 20:35:00,334803693568
2026-01-10 20:40:00,334943298191
2026-01-10 20:45:00,330108212675
2026-01-10 20:50:00,321244115599
2026-01-10 20:55:00,306695111148
2026-01-10 21:00:00,311608910971
2026-01-10 21:05:00,308638745723
2026-01-10 21:10:00,301612217303
2026-01-10 21:15:00,304381389537
2026-01-10 21:20:00,296890763346
2026-01-10 21:25:00,298479748547
2026-01-10 21:30:00,323273196831
2026-01-10 21:35:00,313739837604
2026-01-10 21:40:00,322067631636
2026-01-10 21:45:00,320958590812
2026-01-10 21:50:00,313565314253
2026-01-10 21:55:00,316571765473
2026-01-10 22:00:00,317880295096
2026-01-10 22:05:00,292486280315
2026-01-10 22:10:00,321649632870
2026-01-10 22:15:00,313632591708
2026-01-10 22:20:00,310244149985
2026-01-10 22:25:00,311555117384
2026-01-10 22:30:00,287892172472
2026-01-10 22:35:00,283876907745
2026-01-10 22:40:00,286937312133
2026-01-10 22:45:00,328431105802
2026-01-10 22:50:00,294623891456
2026-01-10 22:55:00,272386393539
2026-01-10 23:00:00,328710820168
2026-01-10 23:05:00,292812255232
2026-01-10 23:10:00,294025558589
2026-01-10 23:15:00,247360982057
2026-01-10 23:20:00,271078558925
2026-01-10 23:25:00,248354639053
2026-01-10 23:30:00,280443444756
2026-01-10 23:35:00,288616151613
2026-01-10 23:40:00,265482529833
2026-01-10 23:45:00,265740880773
2026-01-10 23:50:00,267718277366
2026-01-10 23:55:00,267945119089
2026-01-11 00:00:00,295919912059
2026-01-11 00:05:00,262836763853
2026-01-11 00:10:00,308111944090
2026-01-11 00:15:00,279789214106
2026-01-11 00:20:00,302182169805
2026-01-11 00:25:00,249114932511
2026-01-11 00:30:00,150528157286
2026-01-11 00:35:00,349800371814
2026-01-11 00:40:00,232176466493
2026-01-11 00:45:00,314376932557
2026-01-11 00:50:00,344279719772
2026-01-11 00:55:00,271032562319
2026-01-11 01:00:00,436615196344
2026-01-11 01:05:00,257191720223
2026-01-11 01:10:00,353631947981
2026-01-11 01:15:00,308730006733
2026-01-11 01:20:00,162567184712
2026-01-11 01:25:00,178624741376
2026-01-11 01:30:00,508183115694
2026-01-11 01:35:00,324694355968
2026-01-11 01:40:00,369596618015
2026-01-11 01:45:00,267151513518
2026-01-11 01:50:00,180055932764
2026-01-11 01:55:00,255684984013
2026-01-11 02:00:00,207767942595
2026-01-11 02:05:00,271639543153
2026-01-11 02:10:00,222265326469
2026-01-11 02:15:00,202542522696
2026-01-11 02:20:00,199560657306
2026-01-11 02:25:00,217675076895
2026-01-11 02:30:00,450698441687
2026-01-11 02:35:00,437969355407
2026-01-11 02:40:00,445329905091
2026-01-11 02:45:00,442620222341
2026-01-11 02:50:00,297913790792
2026-01-11 02:55:00,216064059310
2026-01-11 03:00:00,201819831009
2026-01-11 03:05:00,198999634084
2026-01-11 03:10:00,190937783501
2026-01-11 03:15:00,218517068677
2026-01-11 03:20:00,197482020045
2026-01-11 03:25:00,210128976937
2026-01-11 03:30:00,192030842552
2026-01-11 03:35:00,205872052634
2026-01-11 03:40:00,225263650734
2026-01-11 03:45:00,249132352143
2026-01-11 03:50:00,213139040502
2026-01-11 03:55:00,209455788524
2026-01-11 04:00:00,210758731694
2026-01-11 04:05:00,206611520225
2026-01-11 04:10:00,199647465636
2026-01-11 04:15:00,194778027459
2026-01-11 04:20:00,205362054267
2026-01-11 04:25:00,192646200197
2026-01-11 04:30:00,210017995653
2026-01-11 04:35:00,210731784602
2026-01-11 04:40:00,238973193093
2026-01-11 04:45:00,229546419323
2026-01-11 04:50:00,199861189673
2026-01-11 04:55:00,217897149235
2026-01-11 05:00:00,219028307313
2026-01-11 05:05:00,240158773576
2026-01-11 05:10:00,205657369805
2026-01-11 05:15:00,205072868311
2026-01-11 05:20:00,191578009272
2026-01-11 05:25:00,191712398213
2026-01-11 05:30:00,215957302968
2026-01-11 05:35:00,238290740347
2026-01-11 05:40:00,238841700352
2026-01-11 05:45:00,223595180524
2026-01-11 05:50:00,213752261181
2026-01-11 05:55:00,293245783736
2026-01-11 06:00:00,250251766333
2026-01-11 06:05:00,264176000205
2026-01-11 06:10:00,222450822676
2026-01-11 06:15:00,223581395354
2026-01-11 06:20:00,210700362711
2026-01-11 06:25:00,232005602345
2026-01-11 06:30:00,260043430461
2026-01-11 06:35:00,259342302249
2026-01-11 06:40:00,227093577564
2026-01-11 06:45:00,319260579922
2026-01-11 06:50:00,308386938388
2026-01-11 06:55:00,300472690606
2026-01-11 07:00:00,305666262794
2026-01-11 07:05:00,312023840195
2026-01-11 07:10:00,269687535534
2026-01-11 07:15:00,285012581417
2026-01-11 07:20:00,292201845555
2026-01-11 07:25:00,288566127821
2026-01-11 07:30:00,287561184051
2026-01-11 07:35:00,313187170386
2026-01-11 07:40:00,276782319698
2026-01-11 07:45:00,336407845929
2026-01-11 07:50:00,267446120448
2026-01-11 07:55:00,292242277827
2026-01-11 08:00:00,321198140293
2026-01-11 08:05:00,345223903969
2026-01-11 08:10:00,308650442097
2026-01-11 08:15:00,287283441009
2026-01-11 08:20:00,293430689464
2026-01-11 08:25:00,314854110331
2026-01-11 08:30:00,283438442906
2026-01-11 08:35:00,313036315197
2026-01-11 08:40:00,314070455910
2026-01-11 08:45:00,292665041551
2026-01-11 08:50:00,336080600105
2026-01-11 08:55:00,276759723213
2026-01-11 09:00:00,354577311498
2026-01-11 09:05:00,313839064187
2026-01-11 09:10:00,322083177431
2026-01-11 09:15:00,286445080248
2026-01-11 09:20:00,295175813530
2026-01-11 09:25:00,306803262423
2026-01-11 09:30:00,329282993029
2026-01-11 09:35:00,333524679066
2026-01-11 09:40:00,287905175962
2026-01-11 09:45:00,320714820977
2026-01-11 09:50:00,321019665613
2026-01-11 09:55:00,303638487204
2026-01-11 10:00:00,330389570847
2026-01-11 10:05:00,322857672212
2026-01-11 10:10:00,314811162460
2026-01-11 10:15:00,307498320855
2026-01-11 10:20:00,336661920809
2026-01-11 10:25:00,308541350052
2026-01-11 10:30:00,343408807281
2026-01-11 10:35:00,288879411528
2026-01-11 10:40:00,297823041618
2026-01-11 10:45:00,320769019904
2026-01-11 10:50:00,295927151002
2026-01-11 10:55:00,294558475715
2026-01-11 11:00:00,385217597112
2026-01-11 11:05:00,318737516462
2026-01-11 11:10:00,308673564344
2026-01-11 11:15:00,302920301281
2026-01-11 11:20:00,303868516270
2026-01-11 11:25:00,315756001034
2026-01-11 11:30:00,306375353303
2026-01-11 11:35:00,305872637460
2026-01-11 11:40:00,317748902298
2026-01-11 11:45:00,321624789975
2026-01-11 11:50:00,305775596339
2026-01-11 11:55:00,307070706156
2026-01-11 12:00:00,343835402404
2026-01-11 12:05:00,316093746381
2026-01-11 12:10:00,283204378296
2026-01-11 12:15:00,332736119276
2026-01-11 12:20:00,308813137019
2026-01-11 12:25:00,321284483645
2026-01-11 12:30:00,345783814717
2026-01-11 12:35:00,316058577633
2026-01-11 12:40:00,342585251594
2026-01-11 12:45:00,361099375575
2026-01-11 12:50:00,257415652147
2026-01-11 12:55:00,298652509471
2026-01-11 13:00:00,330561252065
2026-01-11 13:05:00,334415537930
2026-01-11 13:10:00,291727342141
2026-01-11 13:15:00,330340289577
2026-01-11 13:20:00,301327456993
2026-01-11 13:25:00,289457006674
2026-01-11 13:30:00,305675731763
2026-01-11 13:35:00,357054634885
2026-01-11 13:40:00,315974954189
2026-01-11 13:45:00,271280087532
2026-01-11 13:50:00,278272987136
2026-01-11 13:55:00,306939655619
2026-01-11 14:00:00,318221307085
2026-01-11 14:05:00,326877594911
2026-01-11 14:10:00,318558817976
2026-01-11 14:15:00,308706738504
2026-01-11 14:20:00,291913028567
2026-01-11 14:25:00,327545297797
2026-01-11 14:30:00,302416576840
2026-01-11 14:35:00,271378508349
2026-01-11 14:40:00,285172801208
2026-01-11 14:45:00,300238847181
2026-01-11 14:50:00,319964001731
2026-01-11 14:55:00,298637929021
2026-01-11 15:00:00,289536718602
2026-01-11 15:05:00,306068724449
2026-01-11 15:10:00,303900736225
2026-01-11 15:15:00,309418266952
2026-01-11 15:20:00,339779887759
2026-01-11 15:25:00,330294170255
2026-01-11 15:30:00,344394021765
2026-01-11 15:35:00,307059727565
2026-01-11 15:40:00,304483370435
2026-01-11 15:45:00,263606367846
2026-01-11 15:50:00,357248975012
2026-01-11 15:55:00,295592616264
2026-01-11 16:00:00,320786566185
2026-01-11 16:05:00,267768254136
2026-01-11 16:10:00,287132296315
2026-01-11 16:15:00,315759280620
2026-01-11 16:20:00,315286065152
2026-01-11 16:25:00,264101721375
2026-01-11 16:30:00,323678216684
2026-01-11 16:35:00,312134619464
2026-01-11 16:40:00,299050712433
2026-01-11 16:45:00,340387610952
2026-01-11 16:50:00,311713651589
2026-01-11 16:55:00,338069721252
2026-01-11 17:00:00,285633995080
2026-01-11 17:05:00,309374268703
2026-01-11 17:10:00,343958765076
2026-01-11 17:15:00,323685819187
2026-01-11 17:20:00,268191984517
2026-01-11 17:25:00,321907880591
2026-01-11 17:30:00,375165617111
2026-01-11 17:35:00,334659442934
2026-01-11 17:40:00,321608493466
2026-01-11 17:45:00,311788574474
2026-01-11 17:50:00,315600461005
2026-01-11 17:55:00,319341431194
2026-01-11 18:00:00,332311938007
2026-01-11 18:05:00,337197941883
2026-01-11 18:10:00,304744943452
2026-01-11 18:15:00,329018204488
2026-01-11 18:20:00,325108183695
2026-01-11 18:25:00,369849844695
2026-01-11 18:30:00,326429851320
2026-01-11 18:35:00,331630896251
2026-01-11 18:40:00,266303238799
2026-01-11 18:45:00,330491359068
2026-01-11 18:50:00,288343343759
2026-01-11 18:55:00,274913553121
2026-01-11 19:00:00,337299588547
2026-01-11 19:05:00,322130840289
2026-01-11 19:10:00,324847621407
2026-01-11 19:15:00,323211134403
2026-01-11 19:20:00,315799043113
2026-01-11 19:25:00,325789217260
2026-01-11 19:30:00,335711091261
2026-01-11 19:35:00,299463440138
2026-01-11 19:40:00,244424398766
2026-01-11 19:45:00,312758125036
2026-01-11 19:50:00,339323923825
2026-01-11 19:55:00,295759501394
2026-01-11 20:00:00,325836715459
2026-01-11 20:05:00,235511818158
2026-01-11 20:10:00,296582342246
2026-01-11 20:15:00,341061859738
2026-01-11 20:20:00,309166308557
2026-01-11 20:25:00,319035385446
2026-01-11 20:30:00,336697572884
2026-01-11 20:35:00,311471732818
2026-01-11 20:40:00,300483050045
2026-01-11 20:45:00,314242541650
2026-01-11 20:50:00,264764472033
2026-01-11 20:55:00,269875926139
2026-01-11 21:00:00,314749230776
2026-01-11 21:05:00,286045900308
2026-01-11 21:10:00,266504004239
2026-01-11 21:15:00,309089290486
2026-01-11 21:20:00,277864280392
2026-01-11 21:25:00,291419563950
2026-01-11 21:30:00,316661408891
2026-01-11 21:35:00,296153452216
2026-01-11 21:40:00,279579387167
2026-01-11 21:45:00,308365128663
2026-01-11 21:50:00,275111364526
2026-01-11 21:55:00,284147061719
2026-01-11 22:00:00,286730845716
2026-01-11 22:05:00,272718197228
2026-01-11 22:10:00,284548486267
2026-01-11 22:15:00,286885848515
2026-01-11 22:20:00,326140047852
2026-01-11 22:25:00,334026767401
2026-01-11 22:30:00,279739749499
2026-01-11 22:35:00,272857065390
2026-01-11 22:40:00,267204801987
2026-01-11 22:45:00,269087776932
2026-01-11 22:50:00,268826155745
2026-01-11 22:55:00,236389895537
2026-01-11 23:00:00,307479295590
2026-01-11 23:05:00,300347982643
2026-01-11 23:10:00,243710929797
2026-01-11 23:15:00,255572335002
2026-01-11 23:20:00,228392610529
2026-01-11 23:25:00,242199463363
2026-01-11 23:30:00,235934380360
2026-01-11 23:35:00,275673139937
2026-01-11 23:40:00,270571273912
2026-01-11 23:45:00,245597662740
2026-01-11 23:50:00,298835408323
2026-01-11 23:55:00,299550107566
2026-01-12 00:00:00,286943801016
2026-01-12 00:05:00,246733578732
2026-01-12 00:10:00,291404528353
2026-01-12 00:15:00,257599703613
2026-01-12 00:20:00,319080255816
2026-01-12 00:25:00,292233206333
2026-01-12 00:30:00,310141015163
2026-01-12 00:35:00,325785460244
2026-01-12 00:40:00,327510980690
2026-01-12 00:45:00,344195126395
2026-01-12 00:50:00,336559677604
2026-01-12 00:55:00,286416180183
2026-01-12 01:00:00,362270816666
2026-01-12 01:05:00,314592913162
2026-01-12 01:10:00,277109780644
2026-01-12 01:15:00,243834900644
2026-01-12 01:20:00,162246619136
2026-01-12 01:25:00,386453884928
2026-01-12 01:30:00,318390935060
2026-01-12 01:35:00,208173442171
2026-01-12 01:40:00,185163703419
2026-01-12 01:45:00,318165315092
2026-01-12 01:50:00,311641458770
2026-01-12 01:55:00,339157363261
2026-01-12 02:00:00,322527084872
2026-01-12 02:05:00,520633890406
2026-01-12 02:10:00,360244715356
2026-01-12 02:15:00,275203143107
2026-01-12 02:20:00,283260288860
2026-01-12 02:25:00,292022098657
2026-01-12 02:30:00,219353642762
2026-01-12 02:35:00,364909792952
2026-01-12 02:40:00,251376327066
2026-01-12 02:45:00,384020094648
2026-01-12 02:50:00,351345399726
2026-01-12 02:55:00,206585973309
2026-01-12 03:00:00,190684557312
2026-01-12 03:05:00,188397631078
2026-01-12 03:10:00,187795135693
2026-01-12 03:15:00,187305579315
2026-01-12 03:20:00,185642634445
2026-01-12 03:25:00,184244383744
2026-01-12 03:30:00,185268636058
2026-01-12 03:35:00,183085278003
2026-01-12 03:40:00,182504148992
2026-01-12 03:45:00,184068285235
2026-01-12 03:50:00,182568851866
2026-01-12 03:55:00,181548051661
2026-01-12 04:00:00,183866644890
2026-01-12 04:05:00,181983082906
2026-01-12 04:10:00,183234867200
2026-01-12 04:15:00,182728844902
2026-01-12 04:20:00,182963537510
2026-01-12 04:25:00,182739663258
2026-01-12 04:30:00,184843971789
2026-01-12 04:35:00,184338624512
2026-01-12 04:40:00,185158905037
2026-01-12 04:45:00,186236875571
2026-01-12 04:50:00,186664290714
2026-01-12 04:55:00,186062787379
2026-01-12 05:00:00,190848687309
2026-01-12 05:05:00,191968953958
2026-01-12 05:10:00,194705031168
2026-01-12 05:15:00,196143339110
2026-01-12 05:20:00,197926347407
2026-01-12 05:25:00,198989559398
2026-01-12 05:30:00,203760841359
2026-01-12 05:35:00,205956082401
2026-01-12 05:40:00,208250391101
2026-01-12 05:45:00,212324600545
2026-01-12 05:50:00,215155719537
2026-01-12 05:55:00,220364406620
2026-01-12 06:00:00,232787586089
2026-01-12 06:05:00,234793039299
2026-01-12 06:10:00,237594766705
2026-01-12 06:15:00,241128776827
2026-01-12 06:20:00,244524714885
2026-01-12 06:25:00,251253329428
2026-01-12 06:30:00,263249786470
2026-01-12 06:35:00,275139664609
2026-01-12 06:40:00,280837108695
2026-01-12 06:45:00,287394552709
2026-01-12 06:50:00,282594701148
2026-01-12 06:55:00,281598542316
2026-01-12 07:00:00,309829894799
2026-01-12 07:05:00,301845539062
2026-01-12 07:10:00,294189364183
2026-01-12 07:15:00,297794918810
2026-01-12 07:20:00,317459133235
2026-01-12 07:25:00,323043021619
2026-01-12 07:30:00,329064829911
2026-01-12 07:35:00,325395582976
2026-01-12 07:40:00,328101562614
2026-01-12 07:45:00,339945354527
2026-01-12 07:50:00,325590189834
2026-01-12 07:55:00,331407457485
2026-01-12 08:00:00,343353870746
2026-01-12 08:05:00,329088975340
2026-01-12 08:10:00,330352135700
2026-01-12 08:15:00,340184721654
2026-01-12 08:20:00,326052720968
2026-01-12 08:25:00,329550518845
2026-01-12 08:30:00,331168700170
2026-01-12 08:35:00,324757363425
2026-01-12 08:40:00,328573472440
2026-01-12 08:45:00,331171469722
2026-01-12 08:50:00,318615797596
2026-01-12 08:55:00,331916895846
2026-01-12 09:00:00,317606541722
2026-01-12 09:05:00,324278146171
2026-01-12 09:10:00,317108763525
2026-01-12 09:15:00,325637076582
2026-01-12 09:20:00,329548230820
2026-01-12 09:25:00,327341589955
2026-01-12 09:30:00,326422801613
2026-01-12 09:35:00,322085610291
2026-01-12 09:40:00,325578686136
2026-01-12 09:45:00,327488813957
2026-01-12 09:50:00,325151585075
2026-01-12 09:55:00,326599272202
2026-01-12 10:00:00,330954411704
2026-01-12 10:05:00,316653988086
2026-01-12 10:10:00,321453479363
2026-01-12 10:15:00,326314805658
2026-01-12 10:20:00,318028289802
2026-01-12 10:25:00,321676076646
2026-01-12 10:30:00,331410944983
2026-01-12 10:35:00,317984313180
2026-01-12 10:40:00,314214874644
2026-01-12 10:45:00,330082511913
2026-01-12 10:50:00,320844290458
2026-01-12 10:55:00,317251168666
2026-01-12 11:00:00,331659031183
2026-01-12 11:05:00,321686740992
2026-01-12 11:10:00,319652829266
2026-01-12 11:15:00,337894483886
2026-01-12 11:20:00,318313708421
2026-01-12 11:25:00,324168562278
2026-01-12 11:30:00,349883938570
2026-01-12 11:35:00,336020847002
2026-01-12 11:40:00,350051023913
2026-01-12 11:45:00,370052587028
2026-01-12 11:50:00,360359994819
2026-01-12 11:55:00,334527126733

